WMO,Location,State,Country,Latitude,Longitude,Elevation,ClimateZone
603900,DZA_Algiers.603900_IWEC,,DZA,36.72,3.25,,3A
623870,EGY_Al.Minya.623870_ETMY,,EGY,28.08,30.73,,2B
623180,EGY_Alexandria.623180_ETMY,,EGY,31.2,29.95,,2A
624140,EGY_Aswan.624140_ETMY,,EGY,23.97,32.78,,1B
624140,EGY_Aswan.624140_ETMY,,EGY,23.97,32.78,,1B
623930,EGY_Asyut.623930_ETMY,,EGY,27.05,31.02,,2B
623660,EGY_Cairo.Intl.Airport.623660_ETMY,,EGY,30.13,31.4,,2B
623660,EGY_Cairo.Intl.Airport.623660_ETMY,,EGY,30.13,31.4,,2B
623370,EGY_El.Arish.623370_ETMY,,EGY,31.08,33.82,,2A
623780,EGY_Helwan.623780_ETMY,,EGY,29.87,31.33,,2B
624630,EGY_Hurghada.624630_ETMY,,EGY,27.15,33.72,,1B
624400,EGY_Ismailia.624400_ETMY,,EGY,30.6,32.25,,2B
624350,EGY_Kharga.624350_ETMY,,EGY,25.45,30.53,,1B
624050,EGY_Luxor.624050_ETMY,,EGY,25.67,32.7,,1B
634500,ETH_Addis.Ababa-Bole.634500_SWERA,,ETH,8.98,38.8,,3C
634600,ETH_Awassa.634600_SWERA,,ETH,7.07,38.05,,
633320,ETH_Bahar.Dar.633320_SWERA,,ETH,11.6,37.4,,
633330,ETH_Combolcha.633330_SWERA,,ETH,11.08,39.72,,2A
633340,ETH_Debre.Marcos.633340_SWERA,,ETH,10.35,37.72,,3C
634710,ETH_Dire.Dawa.634710_SWERA,,ETH,9.6,41.87,,1B
633310,ETH_Gondar.633310_SWERA,,ETH,12.53,37.43,,2A
634020,ETH_Jimma.634020_SWERA,,ETH,7.67,36.83,,3A
634530,ETH_Metehara.634530_SWERA,,ETH,8.83,39.78,,1B
654720,GHA_Accra.654720_SWERA,,GHA,5.6,-0.17,,1A
636860,KEN_Eldoret.636860_SWERA,,KEN,0.53,35.28,,3A
637200,KEN_Embu.637200_SWERA,,KEN,-0.5,37.45,,3A
637230,KEN_Garissa.637230_SWERA,,KEN,-0.47,39.63,,1B
636870,KEN_Kakamega.636870_SWERA,,KEN,0.28,34.78,,
637090,KEN_Kisii.637090_SWERA,,KEN,-0.67,34.78,,
637080,KEN_Kisumu.637080_SWERA,,KEN,-0.1,34.75,,
636610,KEN_Kitale.636610_SWERA,,KEN,1.02,35,,3A
637720,KEN_Lamu-Manda.Island.637720_SWERA,,KEN,-2.27,40.83,,1A
636120,KEN_Lodwar.636120_SWERA,,KEN,3.12,35.62,,1B
637660,KEN_Makindu.637660_SWERA,,KEN,-2.28,37.83,,
637990,KEN_Malindi.637990_SWERA,,KEN,-3.23,40.1,,1A
636240,KEN_Mandera.636240_SWERA,,KEN,3.93,41.87,,1B
636410,KEN_Marsabit.636410_SWERA,,KEN,2.3,37.9,,
636950,KEN_Meru.636950_SWERA,,KEN,0.08,37.65,,3A
638200,KEN_Mombasa-Moi.638200_SWERA,,KEN,-4.03,39.62,,1A
636190,KEN_Moyale.636190_SWERA,,KEN,3.53,39.05,,
637410,KEN_Nairobi-Dagoretti.637410_SWERA,,KEN,-1.3,36.75,,3A
637400,KEN_Nairobi-Kenyatta.637400_SWERA,,KEN,-1.32,36.92,,3A
637420,KEN_Nairobi-Wilson.637420_SWERA,,KEN,-1.32,36.82,,3A
637400,KEN_Nairobi-Kenyatta.637400_SWERA,,KEN,-1.32,36.92,,3A
637140,KEN_Nakuru.637140_SWERA,,KEN,-0.27,36.1,,3A
637370,KEN_Narok.637370_SWERA,,KEN,-1.13,35.83,,3A
637170,KEN_Nyeri.637170_SWERA,,KEN,-0.5,36.97,,3A
637930,KEN_Voi.637930_SWERA,,KEN,-3.4,38.57,,1A
620100,LBY_Tripoli.620100_IWEC,,LBY,32.67,13.15,,2B
601560,MAR_Casablanca.Nouasser.601560_IWEC,,MAR,33.37,-7.58,,3A
670830,MDG_Antananarivo.670830_IWEC,,MDG,-18.8,47.48,,3A
616410,SEN_Dakar.616410_IWEC,,SEN,14.73,-17.5,,1A
607150,TUN_Tunis.607150_IWEC,,TUN,36.83,10.23,,3A
688160,ZAF_Cape.Town.688160_IWEC,,ZAF,-33.98,18.6,,3C
683680,ZAF_Johannesburg.683680_IWEC,,ZAF,-26.13,28.23,,3C
677750,ZWE_Harare.677750_IWEC,,ZWE,-17.92,31.13,,3A
412170,ARE_Abu.Dhabi.412170_IWEC,,ARE,24.43,54.65,,1B
418830,BGD_Bogra.418830_SWERA,,BGD,24.85,89.37,,1A
419780,BGD_Chittagong-Patenga.419780_SWERA,,BGD,22.27,91.82,,1A
419920,BGD_Coxs.Bazar.419920_SWERA,,BGD,21.43,91.97,,1A
419230,BGD_Dhaka.419230_SWERA,,BGD,23.77,90.38,,1A
419070,BGD_Ishurdi.419070_SWERA,,BGD,24.13,89.05,,1A
419360,BGD_Jessore.419360_SWERA,,BGD,23.18,89.17,,1A
418590,BGD_Rangpur.418590_SWERA,,BGD,25.73,89.23,,1A
418910,BGD_Sylhet.418910_SWERA,,BGD,24.9,91.88,,1A
584240,CHN_Anhui.Anqing.584240_CSWD,,CHN,30.53,117.05,,3A
582210,CHN_Anhui.Bengbu.582210_CSWD,,CHN,32.95,117.38,,3A
581020,CHN_Anhui.Boxian.581020_CSWD,,CHN,33.87,115.77,,4C
583190,CHN_Anhui.Dongcheng.583190_CSWD,,CHN,31.07,116.95,,3A
583210,CHN_Anhui.Hefei.583210_SWERA,,CHN,31.87,117.23,,3A
583210,CHN_Anhui.Hefei.583210_SWERA,,CHN,31.87,117.23,,3A
583140,CHN_Anhui.Huoshan.583140_CSWD,,CHN,31.4,116.32,,3A
582150,CHN_Anhui.Shouxian.582150_CSWD,,CHN,32.55,116.78,,4C
585310,CHN_Anhui.Tunxi.585310_CSWD,,CHN,29.72,118.28,,3A
545110,CHN_Beijing.Beijing.545110_CSWD,,CHN,39.8,116.47,,4A
545110,CHN_Beijing.Beijing.545110_CSWD,,CHN,39.8,116.47,,4A
545110,CHN_Beijing.Beijing.545110_CSWD,,CHN,39.8,116.47,,4A
544160,CHN_Beijing.Miyun.544160_CSWD,,CHN,40.38,116.87,,5A
575160,CHN_Chongqing.Chongqing.Shapingba.575160_SWERA,,CHN,29.52,106.48,,3A
575160,CHN_Chongqing.Chongqing.Shapingba.575160_SWERA,,CHN,29.52,106.48,,3A
576330,CHN_Chongqing.Youyang.576330_CSWD,,CHN,28.83,108.77,,3C
591330,CHN_Fujian.Congwu.591330_CSWD,,CHN,24.9,118.92,,2A
588470,CHN_Fujian.Fuzhou.588470_CSWD,,CHN,26.08,119.28,,2A
587370,CHN_Fujian.Jianou.587370_CSWD,,CHN,27.05,118.32,,2A
588340,CHN_Fujian.Nanping.588340_CSWD,,CHN,26.65,118.17,,2A
589180,CHN_Fujian.Shanghang.589180_CSWD,,CHN,25.05,116.42,,2A
591340,CHN_Fujian.Xiamen.591340_CSWD,,CHN,24.48,118.07,,2A
589210,CHN_Fujian.Yongan.589210_CSWD,,CHN,25.97,117.35,,2A
524180,CHN_Gansu.Dunhuang.524180_CSWD,,CHN,40.15,94.68,,5B
560800,CHN_Gansu.Hezuo.560800_CSWD,,CHN,35,102.9,,7
525330,CHN_Gansu.Jiuquan.525330_CSWD,,CHN,39.77,98.48,,5B
528890,CHN_Gansu.Lanzhou.528890_SWERA,,CHN,36.05,103.88,,5B
528890,CHN_Gansu.Lanzhou.528890_SWERA,,CHN,36.05,103.88,,5B
528890,CHN_Gansu.Lanzhou.528890_SWERA,,CHN,36.05,103.88,,5B
526810,CHN_Gansu.Minqin.526810_CSWD,,CHN,38.63,103.08,,5B
526810,CHN_Gansu.Minqin.526810_CSWD,,CHN,38.63,103.08,,5B
560930,CHN_Gansu.Minxian.560930_CSWD,,CHN,34.43,104.02,,6A
539150,CHN_Gansu.Pingliang.539150_CSWD,,CHN,35.55,106.67,,5A
570060,CHN_Gansu.Tianshui.570060_CSWD,,CHN,34.58,105.75,,4A
560960,CHN_Gansu.Wudu.560960_CSWD,,CHN,33.4,104.92,,3C
560960,CHN_Gansu.Wudu.560960_CSWD,,CHN,33.4,104.92,,3C
527870,CHN_Gansu.Wushaoling.527870_CSWD,,CHN,37.2,102.87,,7
539230,CHN_Gansu.Xifengzhen.539230_CSWD,,CHN,35.73,107.63,,5A
524360,CHN_Gansu.Yumenzhen.524360_SWERA,,CHN,40.27,97.03,,6B
524360,CHN_Gansu.Yumenzhen.524360_SWERA,,CHN,40.27,97.03,,6B
529830,CHN_Gansu.Yuzhong.529830_CSWD,,CHN,35.87,104.15,,6A
596640,CHN_Guangdong.Dianbai.596640_CSWD,,CHN,21.5,111,,2A
592870,CHN_Guangdong.Guangzhou.592870_IWEC,,CHN,23.13,113.32,,2A
592870,CHN_Guangdong.Guangzhou.592870_IWEC,,CHN,23.13,113.32,,2A
592930,CHN_Guangdong.Heyuan.592930_CSWD,,CHN,23.73,114.68,,2A
579960,CHN_Guangdong.Nanxiong.579960_CSWD,,CHN,25.13,114.32,,2A
593160,CHN_Guangdong.Shantou.593160_CSWD,,CHN,23.4,116.68,,2A
595010,CHN_Guangdong.Shanwei.595010_CSWD,,CHN,22.8,115.37,,2A
590820,CHN_Guangdong.Shaoguan.590820_CSWD,,CHN,24.68,113.6,,2A
594930,CHN_Guangdong.Shenzhen.594930_SWERA,,CHN,22.55,114.1,,2A
596630,CHN_Guangdong.Yangjiang.596630_CSWD,,CHN,21.87,111.97,,2A
592940,CHN_Guangdong.Zhengcheng.592940_CSWD,,CHN,23.33,113.83,,2A
592110,CHN_Guangxi.Zhuang.Baise.592110_CSWD,,CHN,23.9,106.6,,2A
590370,CHN_Guangxi.Zhuang.Duan.590370_CSWD,,CHN,23.93,108.1,,2A
579570,CHN_Guangxi.Zhuang.Guilin.579570_CSWD,,CHN,25.32,110.3,,3A
592540,CHN_Guangxi.Zhuang.Guiping.592540_CSWD,,CHN,23.4,110.08,,2A
590230,CHN_Guangxi.Zhuang.Hechi.590230_CSWD,,CHN,24.7,108.05,,2A
594460,CHN_Guangxi.Zhuang.Lingshan.594460_CSWD,,CHN,22.42,109.3,,2A
594170,CHN_Guangxi.Zhuang.Longzhou.594170_CSWD,,CHN,22.33,106.85,,2A
594310,CHN_Guangxi.Zhuang.Nanning.594310_CSWD,,CHN,22.63,108.22,,2A
596320,CHN_Guangxi.Zhuang.Qinzhou.596320_CSWD,,CHN,21.95,108.62,,2A
592650,CHN_Guangxi.Zhuang.Wuzhou.592650_CSWD,,CHN,23.48,111.3,,2A
577070,CHN_Guizhou.Bijie.577070_CSWD,,CHN,27.3,105.28,,4A
578160,CHN_Guizhou.Guiyang.578160_SWERA,,CHN,26.58,106.72,,3C
578160,CHN_Guizhou.Guiyang.578160_SWERA,,CHN,26.58,106.72,,3C
578320,CHN_Guizhou.Sansui.578320_CSWD,,CHN,26.97,108.67,,3C
576060,CHN_Guizhou.Tongzi.576060_CSWD,,CHN,28.13,106.83,,3C
566910,CHN_Guizhou.Weining.566910_CSWD,,CHN,26.87,104.28,,4A
579020,CHN_Guizhou.Xingyi.579020_CSWD,,CHN,25.43,105.18,,3C
577130,CHN_Guizhou.Zunyi.577130_CSWD,,CHN,27.7,106.88,,3C
598380,CHN_Hainan.Dongfang.598380_CSWD,,CHN,19.1,108.62,,1A
597580,CHN_Hainan.Haikou.597580_CSWD,,CHN,20.03,110.35,,1A
598550,CHN_Hainan.Qionghai.598550_CSWD,,CHN,19.23,110.47,,1A
544230,CHN_Hebei.Chengde.544230_CSWD,,CHN,40.98,117.95,,5A
543080,CHN_Hebei.Fengning.543080_CSWD,,CHN,41.22,116.63,,6A
544050,CHN_Hebei.Huailai.544050_CSWD,,CHN,40.4,115.5,,5A
545390,CHN_Hebei.Leting.545390_CSWD,,CHN,39.43,118.88,,5A
546060,CHN_Hebei.Raoyang.546060_CSWD,,CHN,38.23,115.73,,4A
536980,CHN_Hebei.Shijiazhuang.536980_CSWD,,CHN,38.03,114.42,,4A
537980,CHN_Hebei.Xingtai.537980_CSWD,,CHN,37.07,114.5,,4C
533990,CHN_Hebei.Zhangbei.533990_CSWD,,CHN,41.15,114.7,,7
508540,CHN_Heilongjiang.Anda.508540_CSWD,,CHN,46.38,125.32,,7
507880,CHN_Heilongjiang.Fujin.507880_CSWD,,CHN,47.23,131.98,,7
507420,CHN_Heilongjiang.Fuyu.507420_CSWD,,CHN,47.78,124.48,,7
507560,CHN_Heilongjiang.Hailun.507560_CSWD,,CHN,47.43,126.97,,7
509530,CHN_Heilongjiang.Harbin.509530_CSWD,,CHN,45.75,126.77,,7
509530,CHN_Heilongjiang.Harbin.509530_CSWD,,CHN,45.75,126.77,,7
509530,CHN_Heilongjiang.Harbin.509530_CSWD,,CHN,45.75,126.77,,7
503530,CHN_Heilongjiang.Huma.503530_CSWD,,CHN,51.72,126.65,,7
508730,CHN_Heilongjiang.Jiamusi.508730_CSWD,,CHN,46.82,130.28,,7
509780,CHN_Heilongjiang.Jixi.509780_CSWD,,CHN,45.28,130.95,,7
506580,CHN_Heilongjiang.Keshan.506580_CSWD,,CHN,48.05,125.88,,7
501360,CHN_Heilongjiang.Mohe.501360_CSWD,,CHN,52.97,122.52,,8
540940,CHN_Heilongjiang.Mudanjiang.540940_CSWD,,CHN,44.57,129.6,,7
505570,CHN_Heilongjiang.Nenjiang.505570_CSWD,,CHN,49.17,125.23,,7
507450,CHN_Heilongjiang.Qiqihar.507450_CSWD,,CHN,47.38,123.92,,7
509680,CHN_Heilongjiang.Shangzhi.509680_CSWD,,CHN,45.22,127.97,,7
540960,CHN_Heilongjiang.Suifenhe.540960_CSWD,,CHN,44.38,131.17,,7
505640,CHN_Heilongjiang.Sunwu.505640_CSWD,,CHN,49.43,127.35,,7
509630,CHN_Heilongjiang.Tonghe.509630_CSWD,,CHN,45.97,128.73,,7
509500,CHN_Heilongjiang.Zhaozhou.509500_CSWD,,CHN,45.7,125.25,,6A
538980,CHN_Henan.Anyang.538980_CSWD,,CHN,36.05,114.4,,4C
570670,CHN_Henan.Lushi.570670_CSWD,,CHN,34.05,111.03,,4A
571780,CHN_Henan.Nanyang.571780_CSWD,,CHN,33.03,112.58,,4C
580050,CHN_Henan.Shangqiu.580050_CSWD,,CHN,34.45,115.67,,4C
572970,CHN_Henan.Xinyang.572970_CSWD,,CHN,32.13,114.05,,3A
570830,CHN_Henan.Zhengzhou.570830_CSWD,,CHN,34.72,113.65,,4C
572900,CHN_Henan.Zhumadian.572900_CSWD,,CHN,33,114.02,,4C
450070,CHN_Hong.Kong.SAR.450070_CityUHK,,CHN,22.32,114.17,,2A
574470,CHN_Hubei.Exi.574470_CSWD,,CHN,30.28,109.47,,3A
572650,CHN_Hubei.Laohekou.572650_CSWD,,CHN,32.38,111.67,,3A
573990,CHN_Hubei.Macheng.573990_CSWD,,CHN,31.18,115.02,,3A
574940,CHN_Hubei.Wuhan.574940_SWERA,,CHN,30.62,114.13,,3A
574940,CHN_Hubei.Wuhan.574940_SWERA,,CHN,30.62,114.13,,3A
574610,CHN_Hubei.Yichang.574610_CSWD,,CHN,30.7,111.3,,3A
572510,CHN_Hubei.Yunxi.572510_CSWD,,CHN,33,110.42,,3A
573780,CHN_Hubei.Zhongxiang.573780_CSWD,,CHN,31.17,112.57,,3A
576620,CHN_Hunan.Changde.576620_CSWD,,CHN,29.05,111.68,,3A
578740,CHN_Hunan.Changning.578740_CSWD,,CHN,26.42,112.4,,3A
576870,CHN_Hunan.Changsha.576870_SWERA,,CHN,28.23,112.87,,3A
576870,CHN_Hunan.Changsha.576870_SWERA,,CHN,28.23,112.87,,3A
576490,CHN_Hunan.Jishou.576490_CSWD,,CHN,28.32,109.73,,3A
578660,CHN_Hunan.Lingling.578660_CSWD,,CHN,26.23,111.62,,3A
575740,CHN_Hunan.Nanxian.575740_CSWD,,CHN,29.37,112.4,,3A
575620,CHN_Hunan.Shimen.575620_CSWD,,CHN,29.58,111.37,,3A
578530,CHN_Hunan.Wugang.578530_CSWD,,CHN,26.73,110.63,,3A
577450,CHN_Hunan.Zhijiang.577450_CSWD,,CHN,27.45,109.68,,3A
577800,CHN_Hunan.Zhuzhou.577800_CSWD,,CHN,27.87,113.17,,3A
582510,CHN_Jiangsu.Dongtai.582510_CSWD,,CHN,32.87,120.32,,4C
580400,CHN_Jiangsu.Ganyu.580400_CSWD,,CHN,34.83,119.12,,4A
581440,CHN_Jiangsu.Huaiyang-Qingjiang.581440_CSWD,,CHN,33.63,119.02,,3A
582650,CHN_Jiangsu.Lusi.582650_CSWD,,CHN,32.07,121.6,,3A
582380,CHN_Jiangxi.Nanjing.582380_SWERA,,CHN,32,118.8,,3A
580270,CHN_Jiangsu.Xuzhou.580270_CSWD,,CHN,34.28,117.15,,4C
579930,CHN_Jiangxi.Ganzhou.579930_CSWD,,CHN,25.87,115,,2A
577990,CHN_Jiangxi.Jian.577990_CSWD,,CHN,27.05,114.92,,3A
585270,CHN_Jiangxi.Jingdezhen.585270_CSWD,,CHN,29.3,117.2,,3A
586060,CHN_Jiangxi.Nanchang.586060_CSWD,,CHN,28.6,115.92,,3A
587150,CHN_Jiangxi.Nancheng.587150_SWERA,,CHN,27.58,116.65,,3A
587150,CHN_Jiangxi.Nancheng.587150_SWERA,,CHN,27.58,116.65,,3A
582380,CHN_Jiangxi.Nanjing.582380_SWERA,,CHN,32,118.8,,3A
578960,CHN_Jiangxi.Suichuan.578960_CSWD,,CHN,26.33,114.5,,3A
577930,CHN_Jiangxi.Yichun.577930_CSWD,,CHN,27.8,114.38,,3A
586340,CHN_Jiangxi.Yushan.586340_CSWD,,CHN,28.68,118.33,,3A
509360,CHN_Jilin.Baicheng.509360_CSWD,,CHN,45.63,122.83,,7
541610,CHN_Jilin.Changchun.541610_CSWD,,CHN,43.9,125.22,,6A
542840,CHN_Jilin.Donggang.542840_CSWD,,CHN,42.1,127.57,,7
541860,CHN_Jilin.Dunhua.541860_CSWD,,CHN,43.37,128.2,,7
543740,CHN_Jilin.Linjiang.543740_CSWD,,CHN,41,126.92,,6A
509490,CHN_Jilin.Qian.Gorlos.509490_CSWD,,CHN,45.08,124.87,,6A
541570,CHN_Jilin.Siping.541570_CSWD,,CHN,43.17,124.33,,6A
542920,CHN_Jilin.Yanji.542920_CSWD,,CHN,42.88,129.47,,6A
517090,CHN_Xinjiang.Uygur.Kashi.517090_CSWD,,CHN,39.47,75.98,,5B
516440,CHN_Xinjiang.Uygur.Kuqa.516440_CSWD,,CHN,41.72,83.07,,5B
514310,CHN_Xinjiang.Uygur.Yining.514310_CSWD,,CHN,43.95,81.33,,5A
518280,CHN_Xinjiang.Uygur.Hotan.518280_CSWD,,CHN,37.13,79.93,,4B
543460,CHN_Liaoning.Benxi.543460_CSWD,,CHN,41.32,123.78,,6A
543240,CHN_Liaoning.Chaoyang.543240_CSWD,,CHN,41.55,120.45,,5A
546620,CHN_Liaoning.Dalian.546620_SWERA,,CHN,38.9,121.63,,5A
546620,CHN_Liaoning.Dalian.546620_SWERA,,CHN,38.9,121.63,,5A
544970,CHN_Liaoning.Dandong.544970_CSWD,,CHN,40.05,124.33,,5A
543370,CHN_Liaoning.Jinzhou.543370_CSWD,,CHN,41.68,121.12,,5A
544930,CHN_Liaoning.Kuandian.544930_CSWD,,CHN,40.72,124.78,,6A
543420,CHN_Liaoning.Shenyang.543420_IWEC,,CHN,41.78,123.48,,5A
543420,CHN_Liaoning.Shenyang.543420_IWEC,,CHN,41.78,123.48,,5A
544550,CHN_Liaoning.Xingcheng.544550_CSWD,,CHN,40.58,120.7,,5A
543330,CHN_Liaoning.Xinmin.543330_CSWD,,CHN,41.98,122.83,,5A
544710,CHN_Liaoning.Yingkou.544710_CSWD,,CHN,40.67,122.27,,5A
542360,CHN_Liaoning.Zhangwu.542360_CSWD,,CHN,42.42,122.53,,6A
531920,CHN_Nei.Mongol.Abag.Qi.Hot.531920_CSWD,,CHN,44.02,114.95,,7
507270,CHN_Nei.Mongol.Arxan.507270_CSWD,,CHN,47.17,119.93,,8
533520,CHN_Nei.Mongol.Bailingmiao.533520_SWERA,,CHN,41.7,110.43,,6B
533520,CHN_Nei.Mongol.Bailingmiao.533520_SWERA,,CHN,41.7,110.43,,6B
540270,CHN_Nei.Mongol.Bairin.Zuo.Qi.540270_CSWD,,CHN,43.98,119.4,,6A
524950,CHN_Nei.Mongol.Bayan.Mod.524950_CSWD,,CHN,40.17,104.8,,6B
506320,CHN_Nei.Mongol.Bugt.506320_SWERA,,CHN,48.77,121.92,,7
506320,CHN_Nei.Mongol.Bugt.506320_SWERA,,CHN,48.77,121.92,,7
542180,CHN_Nei.Mongol.Chifeng.542180_CSWD,,CHN,42.27,118.93,,6B
509150,CHN_Nei.Mongol.Dong.Ujimqin.Qi.509150_CSWD,,CHN,45.52,116.97,,7
535430,CHN_Nei.Mongol.Dongsheng.535430_CSWD,,CHN,39.83,109.98,,6B
542080,CHN_Nei.Mongol.Duolun.542080_CSWD,,CHN,42.18,116.47,,7
522670,CHN_Nei.Mongol.Ejin.Qi.522670_SWERA,,CHN,41.95,101.07,,5B
522670,CHN_Nei.Mongol.Ejin.Qi.522670_SWERA,,CHN,41.95,101.07,,5B
530680,CHN_Nei.Mongol.Erenhot.530680_CSWD,,CHN,43.65,111.97,,7
505270,CHN_Nei.Mongol.Hailar.505270_CSWD,,CHN,49.22,119.75,,7
532310,CHN_Nei.Mongol.Hailisu.532310_CSWD,,CHN,41.4,106.4,,6B
533360,CHN_Nei.Mongol.Haliut.533360_CSWD,,CHN,41.57,108.52,,6B
534630,CHN_Nei.Mongol.Hohhot.534630_CSWD,,CHN,40.82,111.68,,6A
533910,CHN_Nei.Mongol.Huade.533910_SWERA,,CHN,41.9,114,,7
533910,CHN_Nei.Mongol.Huade.533910_SWERA,,CHN,41.9,114,,7
535020,CHN_Nei.Mongol.Jartai.535020_SWERA,,CHN,39.78,105.75,,5B
535020,CHN_Nei.Mongol.Jartai.535020_SWERA,,CHN,39.78,105.75,,5B
540260,CHN_Nei.Mongol.Jarud.Qi.540260_CSWD,,CHN,44.57,120.9,,6A
532760,CHN_Nei.Mongol.Jurh.532760_CSWD,,CHN,42.4,112.9,,6B
541340,CHN_Nei.Mongol.Kailu.541340_CSWD,,CHN,43.6,121.28,,6A
541150,CHN_Nei.Mongol.Linxi.541150_CSWD,,CHN,43.6,118.07,,7
541150,CHN_Nei.Mongol.Linxi.541150_CSWD,,CHN,43.6,118.07,,7
505140,CHN_Nei.Mongol.Manzhouli.505140_CSWD,,CHN,49.57,117.43,,7
535290,CHN_Nei.Mongol.Otog.Qi.535290_CSWD,,CHN,39.1,107.98,,6B
508340,CHN_Nei.Mongol.Solon.508340_CSWD,,CHN,46.6,121.22,,7
541350,CHN_Nei.Mongol.Tongliao.541350_SWERA,,CHN,43.6,122.27,,6A
541350,CHN_Nei.Mongol.Tongliao.541350_SWERA,,CHN,43.6,122.27,,6A
504340,CHN_Nei.Mongol.Tulihe.504340_CSWD,,CHN,50.48,121.68,,8
540120,CHN_Nei.Mongol.Xi.Ujimqin.Qi.540120_CSWD,,CHN,44.58,117.6,,7
541020,CHN_Nei.Mongol.Xilinhot.541020_CSWD,,CHN,43.95,116.12,,7
538170,CHN_Ningxia.Hui.Guyuan.538170_CSWD,,CHN,36,106.27,,6A
537230,CHN_Ningxia.Hui.Yanchi.537230_CSWD,,CHN,37.8,107.38,,5B
536140,CHN_Ningxia.Hui.Yinchuan.536140_CSWD,,CHN,38.48,106.22,,5A
527130,CHN_Qinghai.Daqaidam.527130_CSWD,,CHN,37.85,95.37,,7
560460,CHN_Qinghai.Darlag.560460_CSWD,,CHN,33.75,99.65,,7
528360,CHN_Qinghai.Dulan.Us.528360_CSWD,,CHN,36.3,98.1,,7
527540,CHN_Qinghai.Gangca.527540_CSWD,,CHN,37.33,100.13,,7
528180,CHN_Qinghai.Golmud.528180_CSWD,,CHN,36.42,94.9,,6B
527370,CHN_Qinghai.Haixi.Delingha.527370_SWERA,,CHN,37.37,97.37,,7
526020,CHN_Qinghai.Lenghu.526020_CSWD,,CHN,38.75,93.33,,7
560330,CHN_Qinghai.Madoi.560330_SWERA,,CHN,34.92,98.22,,8
560330,CHN_Qinghai.Madoi.560330_SWERA,,CHN,34.92,98.22,,8
518860,CHN_Qinghai.Mangnai.518860_SWERA,,CHN,38.25,90.85,,7
528760,CHN_Qinghai.Minhe.528760_CSWD,,CHN,36.32,102.85,,5B
561250,CHN_Qinghai.Nangqen.561250_CSWD,,CHN,32.2,96.48,,7
560210,CHN_Qinghai.Qumarleb.560210_CSWD,,CHN,34.13,95.78,,8
560040,CHN_Qinghai.Tuotuohe.560040_SWERA,,CHN,34.22,92.43,,8
560040,CHN_Qinghai.Tuotuohe.560040_SWERA,,CHN,34.22,92.43,,8
529430,CHN_Qinghai.Xinghai.529430_CSWD,,CHN,35.58,99.98,,7
528660,CHN_Qinghai.Xining.528660_CSWD,,CHN,36.72,101.75,,6B
560290,CHN_Qinghai.Yushu.560290_CSWD,,CHN,33.02,97.02,,7
572450,CHN_Shaanxi.Ankang.572450_SWERA,,CHN,32.72,109.03,,3A
572450,CHN_Shaanxi.Ankang.572450_SWERA,,CHN,32.72,109.03,,3A
570160,CHN_Shaanxi.Baoji.570160_SWERA,,CHN,34.35,107.13,,4A
537250,CHN_Shaanxi.Dingbian.537250_CSWD,,CHN,37.58,107.58,,5B
571270,CHN_Shaanxi.Hanzhong.571270_CSWD,,CHN,33.07,107.03,,4A
539420,CHN_Shaanxi.Luochuan.539420_CSWD,,CHN,35.82,109.5,,5A
537540,CHN_Shaanxi.Suide.537540_CSWD,,CHN,37.5,110.22,,5A
570360,CHN_Shaanxi.Xian.570360_CSWD,,CHN,34.3,108.93,,4A
538450,CHN_Shaanxi.Yanan.538450_CSWD,,CHN,36.6,109.5,,5A
536460,CHN_Shaanxi.Yulin.536460_CSWD,,CHN,38.23,109.7,,5A
536460,CHN_Shaanxi.Yulin.536460_CSWD,,CHN,38.23,109.7,,5A
548080,CHN_Shandong.Chaoyang.548080_CSWD,,CHN,36.23,115.67,,4A
547760,CHN_Shandong.Chengshantou.547760_CSWD,,CHN,37.4,122.68,,4A
547250,CHN_Shandong.Huimin.Xian.547250_CSWD,,CHN,37.48,117.53,,4A
548230,CHN_Shandong.Jinan.548230_CSWD,,CHN,36.6,117.05,,4C
549360,CHN_Shandong.Juxian.549360_CSWD,,CHN,35.58,118.83,,4A
547530,CHN_Shandong.Longkou.547530_CSWD,,CHN,37.62,120.32,,4A
548430,CHN_Shandong.Weifang.548430_CSWD,,CHN,36.75,119.18,,4A
549160,CHN_Shandong.Yanzhou.549160_CSWD,,CHN,35.57,116.85,,4A
583620,CHN_Shanghai.Shanghai.583620_SWERA,,CHN,31.17,121.43,,3A
583620,CHN_Shanghai.Shanghai.583620_SWERA,,CHN,31.17,121.43,,3A
583670,CHN_Shanghai.Shanghai.583670_IWEC,,CHN,31.17,121.43,,3A
534870,CHN_Shanxi.Datong.534870_CSWD,,CHN,40.1,113.33,,6B
539630,CHN_Shanxi.Houma.539630_CSWD,,CHN,35.65,111.37,,4A
538630,CHN_Shanxi.Jiexiu.538630_CSWD,,CHN,37.03,111.92,,5A
537720,CHN_Shanxi.Taiyuan.537720_CSWD,,CHN,37.78,112.55,,5A
536730,CHN_Shanxi.Yuanping.536730_CSWD,,CHN,38.73,112.72,,5A
539590,CHN_Shanxi.Yuncheng.539590_CSWD,,CHN,35.05,111.05,,4C
537870,CHN_Shanxi.Yushe.537870_CSWD,,CHN,37.07,112.98,,5A
561720,CHN_Sichuan.Barkam.561720_CSWD,,CHN,31.9,102.23,,5A
562470,CHN_Sichuan.Batang.562470_SWERA,,CHN,30,99.1,,3C
562940,CHN_Sichuan.Chengdu.562940_CSWD,,CHN,30.67,104.02,,3A
562940,CHN_Sichuan.Chengdu.562940_CSWD,,CHN,30.67,104.02,,3A
561460,CHN_Sichuan.Garze.561460_SWERA,,CHN,31.62,100,,6B
561460,CHN_Sichuan.Garze.561460_SWERA,,CHN,31.62,100,,6B
561730,CHN_Sichuan.Hongyuan.561730_CSWD,,CHN,32.8,102.55,,7
566710,CHN_Sichuan.Huili.566710_SWERA,,CHN,26.65,102.25,,3C
566710,CHN_Sichuan.Huili.566710_SWERA,,CHN,26.65,102.25,,3C
564620,CHN_Sichuan.Jiulong.564620_CSWD,,CHN,29,101.5,,5B
563860,CHN_Sichuan.Leshan.563860_CSWD,,CHN,29.57,103.75,,3A
562570,CHN_Sichuan.Litang.562570_CSWD,,CHN,30,100.27,,7
576020,CHN_Sichuan.Luzhou.576020_CSWD,,CHN,28.88,105.43,,3A
561960,CHN_Sichuan.Mianyang.561960_CSWD,,CHN,31.45,104.73,,3A
574110,CHN_Sichuan.Nanchong.574110_CSWD,,CHN,30.78,106.1,,3A
561820,CHN_Sichuan.Songpan.561820_CSWD,,CHN,32.65,103.57,,6A
572370,CHN_Sichuan.Wanyuan.572370_CSWD,,CHN,32.07,108.03,,3C
565710,CHN_Sichuan.Xichang.565710_CSWD,,CHN,27.9,102.27,,3A
564920,CHN_Sichuan.Yibin.564920_CSWD,,CHN,28.8,104.6,,3A
545270,CHN_Tianjin.Tianjin.545270_CSWD,,CHN,39.08,117.07,,4A
555910,CHN_Tibet.Lhasa.555910_SWERA,,CHN,29.67,91.13,,5B
555910,CHN_Tibet.Lhasa.555910_SWERA,,CHN,29.67,91.13,,5B
563120,CHN_Tibet.Nyingchi.563120_SWERA,,CHN,29.57,94.47,,5C
563120,CHN_Tibet.Nyingchi.563120_SWERA,,CHN,29.57,94.47,,5C
557730,CHN_Tibet.Pagri.557730_SWERA,,CHN,27.73,89.08,,7
561370,CHN_Tibet.Qamdo.561370_CSWD,,CHN,31.15,97.17,,5B
514630,CHN_Xinjiang.Uygur.Urumqi.514630_CSWD,,CHN,43.78,87.65,,6B
516280,CHN_Xinjiang.Uygur.Aksu.516280_CSWD,,CHN,41.17,80.23,,5A
510760,CHN_Xinjiang.Uygur.Altay.510760_SWERA,,CHN,47.73,88.08,,7
510760,CHN_Xinjiang.Uygur.Altay.510760_SWERA,,CHN,47.73,88.08,,7
517160,CHN_Xinjiang.Uygur.Bachu.517160_CSWD,,CHN,39.8,78.57,,4B
510870,CHN_Xinjiang.Uygur.Fuyun.510870_CSWD,,CHN,46.98,89.52,,7
522030,CHN_Xinjiang.Uygur.Hami.522030_CSWD,,CHN,42.82,93.52,,5B
511560,CHN_Xinjiang.Uygur.Hoboksar.511560_CSWD,,CHN,46.78,85.72,,7
518280,CHN_Xinjiang.Uygur.Hotan.518280_CSWD,,CHN,37.13,79.93,,4B
513340,CHN_Xinjiang.Uygur.Jinghe.513340_CSWD,,CHN,44.62,82.9,,6A
512430,CHN_Xinjiang.Uygur.Karamay.512430_CSWD,,CHN,45.62,84.85,,6B
517090,CHN_Xinjiang.Uygur.Kashi.517090_CSWD,,CHN,39.47,75.98,,5B
516440,CHN_Xinjiang.Uygur.Kuqa.516440_CSWD,,CHN,41.72,83.07,,5B
518390,CHN_Xinjiang.Uygur.Minfeng.518390_CSWD,,CHN,37.07,82.72,,5B
517770,CHN_Xinjiang.Uygur.Ruoqiang.517770_CSWD,,CHN,39.03,88.17,,5B
518110,CHN_Xinjiang.Uygur.Shache.518110_CSWD,,CHN,38.43,77.27,,4B
511330,CHN_Xinjiang.Uygur.Tacheng.511330_CSWD,,CHN,46.73,83,,6A
517650,CHN_Xinjiang.Uygur.Tikanlik.517650_CSWD,,CHN,40.63,87.7,,5B
515730,CHN_Xinjiang.Uygur.Turpan.515730_SWERA,,CHN,42.93,89.2,,3B
515730,CHN_Xinjiang.Uygur.Turpan.515730_SWERA,,CHN,42.93,89.2,,3B
514630,CHN_Xinjiang.Uygur.Urumqi.514630_CSWD,,CHN,43.78,87.65,,6B
513460,CHN_Xinjiang.Uygur.Wusu.513460_CSWD,,CHN,44.43,84.67,,6A
515670,CHN_Xinjiang.Uygur.Yanqi.515670_CSWD,,CHN,42.08,86.5,,5B
514310,CHN_Xinjiang.Uygur.Yining.514310_CSWD,,CHN,43.95,81.33,,5A
567680,CHN_Yunnan.Chuxiong.567680_CSWD,,CHN,25.03,101.55,,3C
564440,CHN_Yunnan.Deqen.564440_CSWD,,CHN,28.48,98.92,,6A
567780,CHN_Yunnan.Kunming.567780_SWERA,,CHN,25.02,102.68,,3C
567780,CHN_Yunnan.Kunming.567780_SWERA,,CHN,25.02,102.68,,3C
567780,CHN_Yunnan.Kunming.567780_SWERA,,CHN,25.02,102.68,,3C
569540,CHN_Yunnan.Lancang.569540_CSWD,,CHN,22.57,99.93,,2A
566510,CHN_Yunnan.Lijiang.566510_CSWD,,CHN,26.87,100.22,,3C
569510,CHN_Yunnan.Lincang.569510_CSWD,,CHN,23.88,100.08,,3A
569690,CHN_Yunnan.Mengla.569690_CSWD,,CHN,21.48,101.57,,2A
569850,CHN_Yunnan.Mengzi.569850_CSWD,,CHN,23.38,103.38,,3A
569640,CHN_Yunnan.Simao.569640_CSWD,,CHN,22.78,100.97,,3A
567390,CHN_Yunnan.Tengchong.567390_CSWD,,CHN,25.02,98.5,,3C
569660,CHN_Yunnan.Yuanjiang.569660_CSWD,,CHN,23.6,101.98,,1B
584770,CHN_Zhejiang.Dinghai.584770_CSWD,,CHN,30.03,122.1,,3A
584570,CHN_Zhejiang.Hangzhou.584570_CSWD,,CHN,30.23,120.17,,3A
584570,CHN_Zhejiang.Hangzhou.584570_CSWD,,CHN,30.23,120.17,,3A
586650,CHN_Zhejiang.Hongjia.586650_CSWD,,CHN,28.62,121.42,,3A
586330,CHN_Zhejiang.Quxian.586330_CSWD,,CHN,29,118.9,,3A
586590,CHN_Zhejiang.Wenzhou.586590_CSWD,,CHN,28.03,120.65,,3A
426470,IND_Ahmedabad.426470_IWEC,,IND,23.07,72.63,,1B
426470,IND_Ahmedabad.426470_IWEC,,IND,23.07,72.63,,1B
429340,IND_Akola.429340_ISHRAE,,IND,20.7,77.03,,1B
424750,IND_Allahabad.424750_ISHRAE,,IND,25.45,81.73,,1B
420710,IND_Amritsar.420710_ISHRAE,,IND,31.38,74.52,,1B
430140,IND_Aurangabad.430140_ISHRAE,,IND,19.88,75.33,,1B
432950,IND_Bangalore.432950_ISHRAE,,IND,12.97,77.58,,2B
424350,IND_Barmer.424350_ISHRAE,,IND,25.75,71.38,,1B
431980,IND_Belgaum.431980_ISHRAE,,IND,15.52,74.32,,1B
424980,IND_Bhagalpur.424980_ISHRAE,,IND,25.23,86.95,,1B
426670,IND_Bhopal.426670_ISHRAE,,IND,23.28,77.35,,1B
429710,IND_Bhubneshwar.429710_ISHRAE,,IND,20.25,85.83,,1B
421650,IND_Bikaner.421650_ISHRAE,,IND,28,73.3,,1B
428090,IND_Kolkata.428090_ISHRAE,,IND,22.65,88.45,,1A
432790,IND_Chennai.432790_IWEC,,IND,13,80.18,,1B
432790,IND_Chennai.432790_IWEC,,IND,13,80.18,,1B
432330,IND_Chirtadurg.432330_ISHRAE,,IND,14.13,76.27,,1B
421110,IND_Dehradun.421110_ISHRAE,,IND,30.32,78.03,,2A
423140,IND_Dibrugarh.423140_ISHRAE,,IND,27.48,95.02,,2A
431920,IND_Panjim.431920_ISHRAE,,IND,15.48,73.82,,1A
423790,IND_Gorakhpur.423790_ISHRAE,,IND,26.75,83.37,,1B
424100,IND_Guwahati.424100_ISHRAE,,IND,26.1,91.58,,1A
423610,IND_Gwalior.423610_ISHRAE,,IND,26.23,78.25,,1B
421310,IND_Hissar.421310_ISHRAE,,IND,29.17,75.73,,1B
431280,IND_Hyderabad.431280_ISHRAE,,IND,17.45,78.47,,1B
426230,IND_Imphal.426230_ISHRAE,,IND,24.77,93.9,,2A
427540,IND_Indore.427540_ISHRAE,,IND,22.72,75.8,,1B
426750,IND_Jabalpur.426750_ISHRAE,,IND,23.2,79.95,,1B
430410,IND_Jagdelpur.430410_ISHRAE,,IND,19.08,82.03,,1B
423480,IND_Jaipur.423480_ISHRAE,,IND,26.82,75.8,,1B
423280,IND_Jaisalmer.423280_ISHRAE,,IND,26.9,70.92,,1B
427340,IND_Jamnagar.427340_ISHRAE,,IND,22.47,70.02,,1B
423390,IND_Jodhpur.423390_ISHRAE,,IND,26.3,73.02,,1B
424230,IND_Jorhat.424230_ISHRAE,,IND,26.73,94.17,,2A
428090,IND_Kolkata.428090_ISHRAE,,IND,22.65,88.45,,1A
424520,IND_Kota.424520_ISHRAE,,IND,25.15,75.85,,1B
432130,IND_Kurnool.432130_ISHRAE,,IND,15.5,78.03,,1B
423690,IND_Lucknow.423690_ISHRAE,,IND,26.87,80.93,,1B
432840,IND_Mangalore.432840_ISHRAE,,IND,12.52,74.52,,1A
430030,IND_Mumbai.430030_ISHRAE,,IND,18.9,72.82,,1A
430030,IND_Mumbai.430030_ISHRAE,,IND,18.9,72.82,,1A
428670,IND_Nagpur.428670_IWEC,,IND,21.1,79.05,,1B
428670,IND_Nagpur.428670_IWEC,,IND,21.1,79.05,,1B
432450,IND_Nellore.432450_ISHRAE,,IND,14.45,79.98,,1B
421820,IND_New.Delhi.421820_IWEC,,IND,28.58,77.2,,1B
421820,IND_New.Delhi.421820_IWEC,,IND,28.58,77.2,,1B
431920,IND_Panjim.431920_ISHRAE,,IND,15.48,73.82,,1A
424920,IND_Patna.424920_ISHRAE,,IND,25.27,85.17,,1B
430630,IND_Pune.430630_ISHRAE,,IND,18.53,73.85,,1B
428750,IND_Raipur.428750_ISHRAE,,IND,21.23,81.65,,1B
427370,IND_Rajkot.427370_ISHRAE,,IND,22.3,70.78,,1B
430860,IND_Ramagundam.430860_ISHRAE,,IND,18.77,79.43,,1B
427010,IND_Ranchi.427010_ISHRAE,,IND,23.38,85.33,,2B
431100,IND_Ratnagiri.431100_ISHRAE,,IND,16.98,73.33,,1A
423820,IND_Raxaul.423820_ISHRAE,,IND,26.58,84.52,,1B
005217,IND_Saharanpur.5217_ISHRAE,,IND,29.85,77.88,,2B
425160,IND_Shillong.425160_ISHRAE,,IND,25.57,91.88,,3C
431170,IND_Sholapur.431170_ISHRAE,,IND,17.67,75.9,,1B
008204,IND_Sundernagar.8204_ISHRAE,,IND,31.32,76.53,,3A
428400,IND_Surat.428400_ISHRAE,,IND,21.2,72.83,,1B
424150,IND_Tezpur.424150_ISHRAE,,IND,26.62,92.78,,2A
433440,IND_Tiruchirapalli.433440_ISHRAE,,IND,10.77,78.72,,1B
433710,IND_Trivandrum.433710_IWEC,,IND,8.48,76.95,,1A
433710,IND_Trivandrum.433710_IWEC,,IND,8.48,76.95,,1A
429090,IND_Veraval.429090_ISHRAE,,IND,20.9,70.37,,1A
431500,IND_Vishakhapatnam.431500_ISHRAE,,IND,17.72,83.23,,1A
408750,IRN_Bandar.Abass.408750_ITMY,,IRN,27.13,56.22,,1B
408000,IRN_Esfahan.408000_ITMY,,IRN,32.37,51.4,,3B
408480,IRN_Shiraz.408480_ITMY,,IRN,29.32,52.36,,3B
407060,IRN_Tabriz.407060_ITMY,,IRN,38.05,46.17,,4B
407540,IRN_Tehran-Mehrabad.407540_ITMY,,IRN,35.41,51.19,,3B
408210,IRN_Yazd.408210_ITMY,,IRN,31.88,54.28,,2B
478270,JPN_Kagoshima.478270_IWEC,,JPN,31.57,130.55,,3A
476180,JPN_Matsumoto.476180_IWEC,,JPN,36.25,137.97,,4A
477430,JPN_Miho.Civ.JASDF.477430_IWEC,,JPN,35.48,133.25,,3C
476350,JPN_Nagoya.476350_IWEC,,JPN,35.25,136.93,,3A
477710,JPN_Osaka.477710_IWEC,,JPN,34.78,135.45,,3A
474120,JPN_Sapporo.474120_IWEC,,JPN,43.05,141.33,,5A
477620,JPN_Shimonoseki.477620_IWEC,,JPN,33.95,130.93,,3A
477150,JPN_Tokyo.Hyakuri.477150_IWEC,,JPN,36.18,140.42,,4A
478980,JPN_Tosashimizu.478980_IWEC,,JPN,32.72,133.02,,3A
361770,KAZ_Semipalatinsk.361770_IWEC,,KAZ,50.35,80.25,,7
471120,KOR_Inchon.471120_IWEC,,KOR,37.48,126.55,,4A
471050,KOR_Kangnung.471050_IWEC,,KOR,37.75,128.9,,4A
471560,KOR_Kwangju.471560_IWEC,,KOR,35.13,126.92,,4A
471520,KOR_Ulsan.471520_IWEC,,KOR,35.55,129.32,,4A
405850,KWT_KISR.Coastal.Station.405850_KISR,,KWT,29.03,47.98,,1B
405820,KWT_Kuwait.Intl.AP.405820_KISR,,KWT,29.22,47.98,,1B
434210,LKA_Anuradhapura.434210_SWERA,,LKA,8.33,80.42,,1A
434360,LKA_Batticaloa.434360_SWERA,,LKA,7.72,81.7,,1A
434500,LKA_Colombo-Katunayake.434500_SWERA,,LKA,7.17,79.88,,1A
434670,LKA_Colombo-Ratmalana.434670_SWERA,,LKA,6.82,79.88,,1A
434970,LKA_Hambantota.434970_SWERA,,LKA,6.12,81.13,,1A
434000,LKA_Kankasanturai.434000_SWERA,,LKA,9.8,80.07,,1A
434730,LKA_Nuwara.Eliya.434730_SWERA,,LKA,6.97,80.77,,3C
434240,LKA_Puttalam.434240_SWERA,,LKA,8.03,79.83,,1A
434180,LKA_Trincomalee.434180_SWERA,,LKA,8.58,81.25,,1A
450110,MAC_Macau.450110_IWEC,,MAC,22.2,113.53,,2A
435990,MDV_Gan.Island.435990_SWERA,,MDV,-0.68,73.15,,1A
435550,MDV_Male-Hulule.Island.435550_SWERA,,MDV,4.2,73.53,,1A
442920,MNG_Ulaanbataar.442920_IWEC,,MNG,47.93,106.98,,7
442120,MNG_Ulaangom.442120_IWEC,,MNG,49.88,92.08,,8
444540,NPL_Kathmandu.444540_SWERA,,NPL,27.7,85.37,,3A
444160,NPL_Surkhet.444160_SWERA,,NPL,28.6,81.62,,2B
417800,PAK_Karachi.417800_IWEC,,PAK,24.9,67.13,,1B
470080,PRK_Chongjin.470080_IWEC,,PRK,41.78,129.82,,5A
470690,PRK_Haeju.470690_IWEC,,PRK,38.03,125.7,,4A
470580,PRK_Pyongyang.470580_IWEC,,PRK,39.03,125.78,,5A
307580,RUS_Chita.307580_IWEC,,RUS,52.02,113.33,,7
284400,RUS_Ekaterinburg.284400_IWEC,,RUS,56.8,60.63,,7
307100,RUS_Irkutsk.307100_IWEC,,RUS,52.27,104.35,,7
286980,RUS_Omsk.286980_IWEC,,RUS,54.93,73.4,,7
249590,RUS_Yakutsk.249590_IWEC,,RUS,62.08,129.75,,8
404380,SAU_Riyadh.404380_IWEC,,SAU,24.7,46.8,,1B
484560,THA_Bangkok.484560_IWEC,,THA,13.92,100.6,,1B
466960,TWN_Taipei.466960_IWEC,,TWN,25.07,121.55,,2A
384570,UZB_Tashkent.384570_IWEC,,UZB,41.27,69.27,,4C
488200,VNM_Hanoi.488200_IWEC,,VNM,21.02,105.8,,1A
112400,AUT_Graz.112400_IWEC,,AUT,47,15.43,,5A
111200,AUT_Innsbruck.111200_IWEC,,AUT,47.27,11.35,,5A
110100,AUT_Linz.110100_IWEC,,AUT,48.23,14.2,,5A
111500,AUT_Salzburg.111500_IWEC,,AUT,47.8,13,,5A
110360,AUT_Vienna.Schwechat.110360_IWEC,,AUT,48.12,16.57,,5A
064510,BEL_Brussels.064510_IWEC,,BEL,50.9,4.53,,4A
064070,BEL_Oostende.064070_IWEC,,BEL,51.2,2.87,,4A
064760,BEL_Saint.Hubert.064760_IWEC,,BEL,50.03,5.4,,5A
156250,BGR_Plovdiv.156250_IWEC,,BGR,42.13,24.75,,4A
156140,BGR_Sofia.156140_IWEC,,BGR,42.73,23.38,,5A
155520,BGR_Varna.155520_IWEC,,BGR,43.2,27.92,,4A
132420,BIH_Banja.Luka.132420_IWEC,,BIH,44.78,17.22,,4A
268500,BLR_Minsk.268500_IWEC,,BLR,53.87,27.53,,6A
067000,CHE_Geneva.067000_IWEC,,CHE,46.25,6.13,,4A
176090,CYP_Larnaca.176090_IWEC,,CYP,34.88,33.63,,3A
117820,CZE_Ostrava.117820_IWEC,,CZE,49.72,18.18,,5A
115180,CZE_Prague.115180_IWEC,,CZE,50.1,14.28,,5A
103840,DEU_Berlin.103840_IWEC,,DEU,52.47,13.4,,5C
102240,DEU_Bremen.102240_IWEC,,DEU,53.05,8.8,,5C
104000,DEU_Dusseldorf.104000_IWEC,,DEU,51.28,6.78,,4A
106370,DEU_Frankfurt.am.Main.106370_IWEC,,DEU,50.05,8.6,,5C
101470,DEU_Hamburg.101470_IWEC,,DEU,53.63,10,,5C
105130,DEU_Koln.105130_IWEC,,DEU,50.87,7.17,,5C
107290,DEU_Mannheim.107290_IWEC,,DEU,49.52,8.55,,4A
108660,DEU_Munich.108660_IWEC,,DEU,48.13,11.7,,5A
107380,DEU_Stuttgart.107380_IWEC,,DEU,48.68,9.22,,5A
061800,DNK_Copenhagen.061800_IWEC,,DNK,55.63,12.67,,5C
082800,ESP_Albacete.082800_SWEC,,ESP,38.95,-1.85,,4B
083600,ESP_Alicante.083600_SWEC,,ESP,38.37,-0.5,,3A
084870,ESP_Almeria.084870_SWEC,,ESP,36.85,-2.38,,3A
082100,ESP_Avila.082100_SWEC,,ESP,40.66,-4.7,,4B
083300,ESP_Badajoz.083300_SWEC,,ESP,38.88,-6.81,,3C
081810,ESP_Barcelona.081810_IWEC,,ESP,41.28,2.07,,3C
081810,ESP_Barcelona.081810_IWEC,,ESP,41.28,2.07,,3C
008250,ESP_Bilbao.08250_SWEC,,ESP,43.3,-2.93,,3C
080750,ESP_Burgos.080750_SWEC,,ESP,42.36,-3.62,,4A
082610,ESP_Caceres.082610_SWEC,,ESP,39.47,-6.33,,3C
082860,ESP_Castellon.082860_SWEC,,ESP,39.95,-0.07,,3A
603200,ESP_Ceuta.603200_SWEC,,ESP,35.89,-5.29,,3C
084100,ESP_Cordoba.084100_SWEC,,ESP,37.84,-4.85,,3A
082310,ESP_Cuenca.082310_SWEC,,ESP,40.07,-2.14,,4B
081840,ESP_Gerona.081840_SWEC,,ESP,41.9,2.77,,3C
084190,ESP_Granada.084190_SWEC,,ESP,37.18,-3.78,,3C
082260,ESP_Guadalajara.082260_SWEC,,ESP,40.63,-3.16,,4A
083830,ESP_Huelva.083830_SWEC,,ESP,37.26,-6.95,,3A
080940,ESP_Huesca.080940_SWEC,,ESP,42.08,-0.33,,4A
084170,ESP_Jaen.084170_SWEC,,ESP,37.78,-3.79,,3A
080010,ESP_La.Coruna.080010_SWEC,,ESP,43.37,-8.42,,3C
600300,ESP_Las.Palmas.600300_SWEC,,ESP,27.93,-15.38,,2A
080550,ESP_Leon.080550_SWEC,,ESP,42.59,-5.65,,4A
081710,ESP_Lerida.081710_SWEC,,ESP,41.63,0.6,,3C
080840,ESP_Logrono.080840_SWEC,,ESP,42.45,-2.33,,4A
080080,ESP_Lugo.080080_SWEC,,ESP,43.25,-7.48,,4A
082210,ESP_Madrid.082210_SWEC,,ESP,40.41,-3.68,,3C
082210,ESP_Madrid.082210_SWEC,,ESP,40.41,-3.68,,3C
084820,ESP_Malaga.084820_SWEC,,ESP,36.67,-4.49,,3A
603380,ESP_Melilla.603380_SWEC,,ESP,35.28,-2.95,,3A
084300,ESP_Murcia.084300_SWEC,,ESP,37.79,-0.8,,3A
080480,ESP_Orense.080480_SWEC,,ESP,42.33,-7.86,,3C
080150,ESP_Oviedo.080150_SWEC,,ESP,43.34,-5.87,,4A
080720,ESP_Palencia.080720_SWEC,,ESP,42.01,-4.54,,4A
083060,ESP_Palma.083060_SWEC,,ESP,39.55,2.73,,3A
083060,ESP_Palma.083060_SWEC,,ESP,39.55,2.73,,3A
080850,ESP_Pamplona.080850_SWEC,,ESP,42.76,-1.64,,4A
080440,ESP_Pontevedra.080440_SWEC,,ESP,42.43,-8.65,,3C
082020,ESP_Salamanca.082020_SWEC,,ESP,40.95,-5.5,,4A
080270,ESP_San.Sebastian.080270_SWEC,,ESP,43.3,-2.05,,3C
080230,ESP_Santander.080230_IWEC,,ESP,43.47,-3.82,,3C
080230,ESP_Santander.080230_IWEC,,ESP,43.47,-3.82,,3C
082130,ESP_Segovia.082130_SWEC,,ESP,40.95,-4.13,,4B
083910,ESP_Sevilla.083910_SWEC,,ESP,37.42,-5.9,,3A
083910,ESP_Sevilla.083910_SWEC,,ESP,37.42,-5.9,,3A
081480,ESP_Soria.081480_SWEC,,ESP,41.77,-2.48,,4A
081760,ESP_Tarragona.081760_SWEC,,ESP,40.82,0.49,,3A
600200,ESP_Tenerife.600200_SWEC,,ESP,28.47,-16.25,,2A
082350,ESP_Teruel.082350_SWEC,,ESP,40.34,-1.1,,4B
082720,ESP_Toledo.082720_SWEC,,ESP,39.88,-4.05,,3C
082840,ESP_Valencia.082840_IWEC,,ESP,39.5,-0.47,,3A
082840,ESP_Valencia.082840_IWEC,,ESP,39.5,-0.47,,3A
081410,ESP_Valladolid.081410_SWEC,,ESP,41.65,-4.77,,4A
080800,ESP_Vitoria.080800_SWEC,,ESP,42.85,-2.64,,4A
081300,ESP_Zamora.081300_SWEC,,ESP,41.5,-5.91,,4B
081600,ESP_Zaragoza.081600_SWEC,,ESP,41.67,-1.02,,3C
029740,FIN_Helsinki.029740_IWEC,,FIN,60.32,24.97,,6A
029440,FIN_Tampere.029440_IWEC,,FIN,61.42,23.58,,7
075100,FRA_Bordeaux.075100_IWEC,,FRA,44.83,-0.7,,4A
071100,FRA_Brest.071100_IWEC,,FRA,48.45,-4.42,,4A
074600,FRA_Clermont-Ferrand.074600_IWEC,,FRA,45.78,3.17,,4A
072800,FRA_Dijon.072800_IWEC,,FRA,47.27,5.08,,4A
074810,FRA_Lyon.074810_IWEC,,FRA,45.73,5.08,,4A
076500,FRA_Marseille.076500_IWEC,,FRA,43.45,5.23,,3C
076430,FRA_Montpellier.076430_IWEC,,FRA,43.58,3.97,,3C
071800,FRA_Nancy.071800_IWEC,,FRA,48.68,6.22,,4A
072220,FRA_Nantes.072220_IWEC,,FRA,47.17,-1.6,,4A
076900,FRA_Nice.076900_IWEC,,FRA,43.65,7.2,,3C
071490,FRA_Paris.Orly.071490_IWEC,,FRA,48.73,2.4,,4A
071900,FRA_Strasbourg.071900_IWEC,,FRA,48.55,7.63,,4A
030910,GBR_Aberdeen.Dyce.030910_IWEC,,GBR,57.2,-2.22,,5C
033220,GBR_Aughton.033220_IWEC,,GBR,53.55,-2.92,,5C
039170,GBR_Belfast.039170_IWEC,,GBR,54.65,-6.22,,5C
035340,GBR_Birmingham.035340_IWEC,,GBR,52.45,-1.73,,5C
033600,GBR_Finningley.033600_IWEC,,GBR,53.48,-1,,5C
034960,GBR_Hemsby.034960_IWEC,,GBR,52.68,1.68,,4A
038950,GBR_Jersey.Channel.Islands.038950_IWEC,,GBR,49.22,-2.2,,4A
031710,GBR_Leuchars.031710_IWEC,,GBR,56.38,-2.87,,5C
037760,GBR_London.Gatwick.037760_IWEC,,GBR,51.15,-0.18,,4A
031140,GBR_Oban.031140_IWEC,,GBR,56.42,-5.47,,5C
166820,GRC_Andravida.166820_IWEC,,GRC,37.92,21.28,,3A
167160,GRC_Athens.167160_IWEC,,GRC,37.9,23.73,,3A
166220,GRC_Thessaloniki.166220_IWEC,,GRC,40.52,22.97,,3C
128820,HUN_Debrecen.128820_IWEC,,HUN,47.48,21.63,,5A
128120,HUN_Szombathely.128120_IWEC,,HUN,47.27,16.63,,5A
039760,IRL_Belmullet.039760_IWEC,,IRL,54.23,-10,,4A
039650,IRL_Birr.039650_IWEC,,IRL,53.08,-7.88,,5C
039740,IRL_Clones.039740_IWEC,,IRL,54.18,-7.23,,5C
039690,IRL_Dublin.039690_IWEC,,IRL,53.43,-6.25,,4A
039600,IRL_Kilkenny.039600_IWEC,,IRL,52.67,-7.27,,5C
039800,IRL_Malin.039800_IWEC,,IRL,55.37,-7.33,,5C
039530,IRL_Valentia.Observatory.039530_IWEC,,IRL,51.93,-10.25,,4A
040300,ISL_Reykjavik.040300_IWEC,,ISL,64.13,-21.9,,6A
401900,ISR_Beer.Sheva.401900_MSI,,ISR,31.25,34.8,,3A
401990,ISR_Eilat.401990_MSI,,ISR,29.55,34.95,,1B
401840,ISR_Jerusalem-Atarot.AP.401840_MSI,,ISR,31.87,35.22,,3C
401840,ISR_Jerusalem-Atarot.AP.401840_MSI,,ISR,31.87,35.22,,3C
401790,ISR_Tel.Aviv-Bet.Dagan.401790_MSI,,ISR,32,34.82,,3A
165200,ITA_Alghero.165200_IGDG,,ITA,40.63,8.28,,3C
161910,ITA_Ancona.161910_IGDG,,ITA,43.62,13.52,,3C
161910,ITA_Ancona.161910_IGDG,,ITA,43.62,13.52,,3C
160370,ITA_Aviano.160370_IGDG,,ITA,46.03,12.6,,4A
162700,ITA_Bari-Palese.Macchie.162700_IGDG,,ITA,41.13,16.78,,3C
160760,ITA_Bergamo-Orio.al.Serio.160760_IGDG,,ITA,45.67,9.7,,4A
161400,ITA_Bologna-Borgo.Panigale.161400_IGDG,,ITA,44.53,11.3,,4A
160200,ITA_Bolzano.160200_IGDG,,ITA,46.47,11.33,,4A
163370,ITA_Bonifati.163370_IGDG,,ITA,39.58,15.88,,3C
160880,ITA_Brescia-Ghedi.160880_IGDG,,ITA,45.42,10.28,,4A
163200,ITA_Brindisi.163200_IWEC,,ITA,40.65,17.95,,3A
163200,ITA_Brindisi.163200_IWEC,,ITA,40.65,17.95,,3A
165600,ITA_Cagliari-Elmas.165600_IGDG,,ITA,39.25,9.05,,3C
162520,ITA_Campobasso.162520_IGDG,,ITA,41.57,14.65,,4A
165500,ITA_Capo.Bellavista.165500_IGDG,,ITA,39.93,9.72,,3A
163100,ITA_Capo.Palinuro.163100_IGDG,,ITA,40.02,15.28,,3C
164600,ITA_Catania-Fontanarossa.164600_IGDG,,ITA,37.47,15.05,,3A
164590,ITA_Catania-Sigonella.164590_IGDG,,ITA,37.4,14.92,,3A
164800,ITA_Cozzo.Spadaro.164800_IGDG,,ITA,36.68,15.13,,3A
163500,ITA_Crotone.163500_IGDG,,ITA,39.07,17.07,,3C
164500,ITA_Enna.164500_IGDG,,ITA,37.57,14.28,,4A
161700,ITA_Firenze-Peretola.161700_IGDG,,ITA,43.8,11.2,,3C
162610,ITA_Foggia.162610_IGDG,,ITA,41.42,15.53,,3C
164530,ITA_Gela.164530_IGDG,,ITA,37.08,14.22,,3A
161200,ITA_Genova.161200_IWEC,,ITA,44.42,8.85,,3C
161200,ITA_Genova.161200_IWEC,,ITA,44.42,8.85,,3C
163120,ITA_Gioia.del.Colle.163120_IGDG,,ITA,40.77,16.93,,4A
162060,ITA_Grosseto.162060_IGDG,,ITA,42.75,11.07,,3C
163320,ITA_Lecce.163320_IGDG,,ITA,40.23,18.15,,3C
164200,ITA_Messina.164200_IWEC,,ITA,38.2,15.55,,3A
164200,ITA_Messina.164200_IWEC,,ITA,38.2,15.55,,3A
160660,ITA_Milano-Malpensa.160660_IGDG,,ITA,45.62,8.73,,4A
160800,ITA_Milano-Linate.160800_IGDG,,ITA,45.43,9.28,,4A
160660,ITA_Milano-Malpensa.160660_IGDG,,ITA,45.62,8.73,,4A
161340,ITA_Monte.Cimone.161340_IGDG,,ITA,44.2,10.7,,7
162190,ITA_Monte.Terminillo.162190_IGDG,,ITA,42.47,12.98,,6A
162890,ITA_Napoli-Capodichino.162890_IGDG,,ITA,40.85,14.3,,3C
162890,ITA_Napoli-Capodichino.162890_IGDG,,ITA,40.85,14.3,,3C
160640,ITA_Novara-Cameri.160640_IGDG,,ITA,45.65,8.67,,4A
165310,ITA_Olbia-Costa.Smeralda.165310_IGDG,,ITA,40.93,8.5,,3C
160220,ITA_Paganella.160220_IGDG,,ITA,46.15,11.03,,7
164000,ITA_Ustica.164000_IGDG,,ITA,38.7,13.18,,3C
164050,ITA_Palermo-Punta.Raisi.164050_IGDG,,ITA,38.18,13.1,,3A
164050,ITA_Palermo-Punta.Raisi.164050_IGDG,,ITA,38.18,13.1,,3A
161300,ITA_Parma.161300_IGDG,,ITA,44.48,10.19,,4A
164700,ITA_Patelleria.164700_IGDG,,ITA,36.82,11.97,,3A
161810,ITA_Perugia.161810_IGDG,,ITA,43.08,12.5,,4A
162300,ITA_Pescara.162300_IGDG,,ITA,42.85,14.2,,3C
160840,ITA_Piacenza.160840_IGDG,,ITA,44.92,9.73,,4A
161580,ITA_Pisa-S.Gusto.161580_IGDG,,ITA,43.67,10.38,,3C
161580,ITA_Pisa-S.Gusto.161580_IGDG,,ITA,43.67,10.38,,3C
162800,ITA_Ponza.162800_IGDG,,ITA,40.92,12.95,,3C
163000,ITA_Potenza.163000_IGDG,,ITA,40.63,15.8,,4A
162450,ITA_Pratica.di.Mare.162450_IGDG,,ITA,41.65,12.6,,3C
161490,ITA_Rimini.161490_IGDG,,ITA,44.03,12.62,,4A
162390,ITA_Roma-Ciampino.162390_IGDG,,ITA,41.8,12.58,,3C
162420,ITA_Roma-Fiumicino.162420_IGDG,,ITA,41.8,12.23,,3C
162420,ITA_Roma-Fiumicino.162420_IGDG,,ITA,41.8,12.23,,3C
163600,ITA_S.Maria.di.Leuca.163600_IGDG,,ITA,39.65,18.35,,3A
161530,ITA_San.Remo.161530_IGDG,,ITA,43.95,8.17,,3C
163250,ITA_Taranto.163250_IGDG,,ITA,40.43,16.88,,3A
160400,ITA_Tarvisio.160400_IGDG,,ITA,46.5,13.58,,6A
160590,ITA_Torino-Caselle.160590_IGDG,,ITA,45.18,7.65,,4A
160590,ITA_Torino-Caselle.160590_IGDG,,ITA,45.18,7.65,,4A
164290,ITA_Trapani-Birgi.164290_IGDG,,ITA,37.92,12.5,,3A
160980,ITA_Treviso-Istrana.160980_IGDG,,ITA,45.68,12.1,,4A
160990,ITA_Treviso-S.Angelo.160990_IGDG,,ITA,45.65,12.18,,4A
161100,ITA_Trieste.161100_IGDG,,ITA,45.65,13.75,,3C
160440,ITA_Udine-Campoformido.160440_IGDG,,ITA,46.03,13.18,,4A
164000,ITA_Ustica.164000_IGDG,,ITA,38.7,13.18,,3C
161050,ITA_Venezia-Tessera.161050_IGDG,,ITA,45.5,12.33,,4A
161050,ITA_Venezia-Tessera.161050_IGDG,,ITA,45.5,12.33,,4A
160900,ITA_Verona-Villafranca.160900_IGDG,,ITA,45.38,10.87,,4A
160940,ITA_Vicenza.160940_IGDG,,ITA,45.57,11.52,,4A
266290,LTU_Kaunas.266290_IWEC,,LTU,54.88,23.88,,6A
062400,NLD_Amsterdam.062400_IWEC,,NLD,52.3,4.77,,4A
063800,NLD_Beek.063800_IWEC,,NLD,50.92,5.78,,4A
062800,NLD_Groningen.062800_IWEC,,NLD,53.13,6.58,,5C
013110,NOR_Bergen.013110_IWEC,,NOR,60.3,5.22,,5C
014880,NOR_Oslo.Fornebu.014880_IWEC,,NOR,59.9,10.62,,6A
122950,POL_Bialystok.122950_IMGW,,POL,53,23.25,,6A
126000,POL_Bielsko.Biala.126000_IMGW,,POL,49.67,19.25,,5A
122400,POL_Bydgoszcz.122400_IMGW,,POL,53.15,18,,5A
122350,POL_Chojnice.122350_IMGW,,POL,53.7,17.57,,6A
125500,POL_Czestochowa.125500_IMGW,,POL,50.75,19,,5A
121600,POL_Elblag.121600_IMGW,,POL,54.15,19.43,,5A
121400,POL_Gdansk.Port.Polnocny.121400_IMGW,,POL,54.35,18.63,,5C
123000,POL_Gorzow.Wlkp.123000_IMGW,,POL,52.73,15.23,,5C
121350,POL_Hel.121350_IMGW,,POL,54.62,18.78,,5A
125000,POL_Jelenia.Gora.125000_IMGW,,POL,50.9,15.73,,5A
124350,POL_Kalisz.124350_IMGW,,POL,51.75,18.08,,5A
126500,POL_Kasprowy.Wierch.126500_IMGW,,POL,49.28,19.97,,7
125600,POL_Katowice.125600_IMGW,,POL,50.23,19.03,,5A
121850,POL_Ketrzyn.121850_IMGW,,POL,54.08,21.38,,5A
125700,POL_Kielce.125700_IMGW,,POL,50.83,20.67,,5A
125200,POL_Klodzko.125200_IMGW,,POL,50.43,16.65,,5A
123450,POL_Kolo.123450_IMGW,,POL,52.18,18.62,,5A
121000,POL_Kolobrzeg.121000_IMGW,,POL,54.18,15.58,,5C
121000,POL_Kolobrzeg.121000_IMGW,,POL,54.18,15.58,,5C
121050,POL_Koszalin.121050_IMGW,,POL,54.2,16.18,,5A
125660,POL_Krakow.125660_IWEC,,POL,50.08,19.8,,5A
125660,POL_Krakow.125660_IWEC,,POL,50.08,19.8,,5A
126700,POL_Krosno.126700_IMGW,,POL,49.68,21.78,,5A
121200,POL_Leba.121200_IMGW,,POL,54.75,17.55,,5A
121250,POL_Lebork.121250_IMGW,,POL,54.55,17.75,,5A
124150,POL_Legnica.124150_IMGW,,POL,51.2,16.2,,5A
126900,POL_Lesko.126900_IMGW,,POL,49.45,22.32,,5A
124180,POL_Leszno.124180_IMGW,,POL,51.83,16.53,,5A
124650,POL_Lodz.124650_IMGW,,POL,51.75,19.47,,5A
124950,POL_Lublin.Radawiec.124950_IMGW,,POL,51.25,22.5,,5A
122800,POL_Mikolajki.122800_IMGW,,POL,53.8,21.58,,6A
122700,POL_Mlawa.122700_IMGW,,POL,53.12,20.38,,5A
126600,POL_Nowy.Sacz.126600_IMGW,,POL,49.58,20.5,,5C
122720,POL_Olsztyn.122720_IMGW,,POL,53.78,20.48,,6A
125300,POL_Opole.125300_IMGW,,POL,50.67,17.95,,5A
122850,POL_Ostroleka.122850_IMGW,,POL,51.17,19.13,,5A
122300,POL_Pila.122300_IMGW,,POL,53.15,16.75,,5A
123600,POL_Plock.123600_IMGW,,POL,52.55,19.7,,5A
123300,POL_Poznan.123300_IWEC,,POL,52.42,16.83,,5A
123300,POL_Poznan.123300_IWEC,,POL,52.42,16.83,,5A
126950,POL_Przemysl.126950_IMGW,,POL,49.78,22.78,,5A
125400,POL_Raciborz.125400_IMGW,,POL,50.08,18.2,,5A
122100,POL_Resko.122100_IMGW,,POL,53.72,15.12,,5A
125800,POL_Rzeszow.Jasionka.125800_IMGW,,POL,50.1,22.02,,5A
125850,POL_Sandomierz.125850_IMGW,,POL,50.68,21.75,,5A
123850,POL_Siedlce.123850_IMGW,,POL,52.17,22.3,,5A
123100,POL_Slubice.123100_IMGW,,POL,52.35,14.58,,5A
125100,POL_Sniezka.125100_IMGW,,POL,50.74,15.73,,7
124690,POL_Sulejow.124690_IMGW,,POL,51.37,19.88,,5A
121950,POL_Suwalki.121950_IMGW,,POL,54.1,22.93,,6A
122000,POL_Swinoujscie.122000_IMGW,,POL,53.92,14.25,,5C
122050,POL_Szczecin.122050_IMGW,,POL,53.4,14.67,,5A
122150,POL_Szczecinek.122150_IMGW,,POL,53.72,16.7,,5A
125750,POL_Tarnow.125750_IMGW,,POL,50.02,20.98,,5A
123990,POL_Terespol.123990_IMGW,,POL,52.08,23.57,,5A
122500,POL_Torun.122500_IMGW,,POL,51.1,23.08,,5A
121150,POL_Ustka.121150_IMGW,,POL,54.58,16.85,,5A
123750,POL_Warszawa.Okecie.123750_IMGW,,POL,52.25,21,,5A
123750,POL_Warszawa.Okecie.123750_IMGW,,POL,52.25,21,,5A
124550,POL_Wielun.124550_IMGW,,POL,51.22,18.55,,5A
124970,POL_Wlodawa.124970_IMGW,,POL,51.55,23.55,,5A
124240,POL_Wroclaw.124240_IMGW,,POL,51.1,17.03,,5A
126250,POL_Zakopane.126250_IMGW,,POL,49.3,19.97,,6A
125950,POL_Zamosc.125950_IMGW,,POL,50.75,23.25,,5A
124000,POL_Zielona.Gora.124000_IMGW,,POL,51.93,15.5,,5A
085750,PRT_Braganca.085750_IWEC,,PRT,41.8,-6.73,,4A
085490,PRT_Coimbra.085490_IWEC,,PRT,40.2,-8.42,,3C
085570,PRT_Evora.085570_IWEC,,PRT,38.57,-7.9,,3C
085540,PRT_Faro.085540_IWEC,,PRT,37.02,-7.97,,3A
085210,PRT_Funchal.Madeira-Islands.085210_INETI,,PRT,32.65,-16.92,,3A
085090,PRT_Lajes.085090_IWEC,,PRT,38.77,-27.1,,3A
085360,PRT_Lisboa.085360_INETI,,PRT,38.73,-9.15,,3C
085450,PRT_Porto.085450_IWEC,,PRT,41.23,-8.68,,3C
154200,ROU_Bucharest.154200_IWEC,,ROU,44.5,26.13,,5A
151200,ROU_Cluj-Napoca.151200_IWEC,,ROU,46.78,23.57,,5A
154800,ROU_Constanta.154800_IWEC,,ROU,44.22,28.63,,4A
154500,ROU_Craiova.154500_IWEC,,ROU,44.23,23.87,,4A
153100,ROU_Galati.153100_IWEC,,ROU,45.5,28.02,,4A
152470,ROU_Timisoara.152470_IWEC,,ROU,45.77,21.25,,4A
225500,RUS_Arkhangelsk.225500_IWEC,,RUS,64.53,40.47,,7
276120,RUS_Moscow.276120_IWEC,,RUS,55.75,37.63,,6A
260630,RUS_Saint-Petersburg.260630_IWEC,,RUS,59.97,30.3,,6A
289000,RUS_Samara.289000_IWEC,,RUS,53.25,50.45,,6A
132720,SRB_Belgrade.132720_IWEC,,SRB,44.82,20.28,,4A
134620,SRB_Podgorica.134620_IWEC,,SRB,42.37,19.25,,3C
118160,SVK_Bratislava.118160_IWEC,,SVK,48.2,17.2,,5A
119680,SVK_Kosice.119680_IWEC,,SVK,48.7,21.27,,5A
130140,SVN_Ljubljana.130140_IWEC,,SVN,46.22,14.48,,5A
025260,SWE_Goteborg.Landvetter.025260_IWEC,,SWE,57.67,12.3,,6A
024180,SWE_Karlstad.024180_IWEC,,SWE,59.37,13.47,,6A
020440,SWE_Kiruna.020440_IWEC,,SWE,67.82,20.33,,7
022260,SWE_Ostersund.Froson.022260_IWEC,,SWE,63.18,14.5,,7
024600,SWE_Stockholm.Arlanda.024600_IWEC,,SWE,59.65,17.95,,6A
400800,SYR_Damascus.400800_IWEC,,SYR,33.42,36.52,,3B
171280,TUR_Ankara.171280_IWEC,,TUR,40.12,32.98,,5A
170600,TUR_Istanbul.170600_IWEC,,TUR,40.97,28.82,,3C
172180,TUR_Izmir.172180_IWEC,,TUR,38.5,27.02,,3A
333450,UKR_Kiev.333450_IWEC,,UKR,50.4,30.45,,5A
338370,UKR_Odessa.338370_IWEC,,UKR,46.45,30.7,,5A
785830,BLZ_Belize.785830_SWERA,,BLZ,17.53,-88.3,,1A
718770,CAN_AB_Calgary.718770_CWEC,AB,CAN,51.12,-114.02,,7
711230,CAN_AB_Edmonton.711230_CWEC,AB,CAN,53.53,-114.1,,7
719320,CAN_AB_Fort.McMurray.719320_CWEC,AB,CAN,56.65,-111.22,,7
719400,CAN_AB_Grande.Prairie.719400_CWEC,AB,CAN,55.18,-118.88,,7
712430,CAN_AB_Lethbridge.712430_CWEC,AB,CAN,49.63,-112.8,,6B
718720,CAN_AB_Medicine.Hat.718720_CWEC,AB,CAN,50.02,-110.72,,6B
711080,CAN_BC_Abbotsford.711080_CWEC,BC,CAN,49.03,-122.37,,5C
718930,CAN_BC_Comox.718930_CWEC,BC,CAN,49.72,-124.9,,5C
718800,CAN_BC_Cranbrook.718800_CWEC,BC,CAN,49.6,-115.78,,6A
719430,CAN_BC_Fort.St.John.719430_CWEC,BC,CAN,56.23,-120.73,,7
718870,CAN_BC_Kamloops.718870_CWEC,BC,CAN,50.7,-120.45,,5B
711090,CAN_BC_Port.Hardy.711090_CWEC,BC,CAN,50.68,-127.37,,5C
718960,CAN_BC_Prince.George.718960_CWEC,BC,CAN,53.88,-122.68,,7
718980,CAN_BC_Prince.Rupert.718980_CWEC,BC,CAN,54.3,-130.43,,6A
711010,CAN_BC_Sandspit.711010_CWEC,BC,CAN,53.25,-131.82,,5C
719500,CAN_BC_Smithers.719500_CWEC,BC,CAN,54.82,-127.18,,7
717680,CAN_BC_Summerland.717680_CWEC,BC,CAN,49.57,-119.65,,5A
718920,CAN_BC_Vancouver.718920_CWEC,BC,CAN,49.18,-123.17,,5C
717990,CAN_BC_Victoria.717990_CWEC,BC,CAN,48.65,-123.43,,5C
711400,CAN_MB_Brandon.711400_CWEC,MB,CAN,49.92,-99.95,,7
719130,CAN_MB_Churchill.719130_CWEC,MB,CAN,58.75,-94.07,,8
718670,CAN_MB_The.Pas.718670_CWEC,MB,CAN,53.97,-101.1,,7
718520,CAN_MB_Winnipeg.718520_CWEC,MB,CAN,49.9,-97.23,,7
717000,CAN_NB_Fredericton.717000_CWEC,NB,CAN,45.87,-66.53,,6A
717440,CAN_NB_Miramichi.717440_CWEC,NB,CAN,47.02,-65.45,,6A
716090,CAN_NB_Saint.John.716090_CWEC,NB,CAN,45.32,-65.88,,6A
718170,CAN_NF_Battle.Harbour.718170_CWEC,NF,CAN,52.3,-55.83,,7
718030,CAN_NF_Gander.718030_CWEC,NF,CAN,48.95,-54.57,,7
718160,CAN_NF_Goose.718160_CWEC,NF,CAN,53.32,-60.37,,7
718010,CAN_NF_St.Johns.718010_CWEC,NF,CAN,47.62,-52.73,,6A
718150,CAN_NF_Stephenville.718150_CWEC,NF,CAN,48.53,-58.55,,6A
713970,CAN_NS_Greenwood.713970_CWEC,NS,CAN,44.98,-64.92,,6A
716000,CAN_NS_Sable.Island.716000_CWEC,NS,CAN,43.93,-60.02,,5A
716010,CAN_NS_Shearwater.716010_CWEC,NS,CAN,44.63,-63.5,,6A
717070,CAN_NS_Sydney.717070_CWEC,NS,CAN,46.17,-60.05,,6A
713980,CAN_NS_Truro.713980_CWEC,NS,CAN,45.37,-63.27,,6A
719570,CAN_NT_Inuvik.719570_CWEC,NT,CAN,68.3,-133.48,,8
719360,CAN_NT_Yellowknife.719360_CWEC,NT,CAN,62.47,-114.45,,8
719240,CAN_NU_Resolute.719240_CWEC,NU,CAN,74.72,-94.98,,8
716200,CAN_ON_Kingston.716200_CWEC,ON,CAN,44.22,-76.6,,6A
716230,CAN_ON_London.716230_CWEC,ON,CAN,43.03,-81.15,,6A
716310,CAN_ON_Mount.Forest.716310_CWEC,ON,CAN,43.98,-80.75,,6A
716300,CAN_ON_Muskoka.716300_CWEC,ON,CAN,44.97,-79.3,,6A
717310,CAN_ON_North.Bay.717310_CWEC,ON,CAN,46.35,-79.43,,7
716280,CAN_ON_Ottawa.716280_CWEC,ON,CAN,45.32,-75.67,,6A
712600,CAN_ON_Sault.Ste.Marie.712600_CWEC,ON,CAN,46.48,-84.52,,6A
715270,CAN_ON_Simcoe.715270_CWEC,ON,CAN,42.85,-80.27,,6A
717490,CAN_ON_Thunder.Bay.717490_CWEC,ON,CAN,48.37,-89.32,,7
717390,CAN_ON_Timmins.717390_CWEC,ON,CAN,48.57,-81.37,,7
716240,CAN_ON_Toronto.716240_CWEC,ON,CAN,43.67,-79.63,,6A
716210,CAN_ON_Trenton.716210_CWEC,ON,CAN,44.12,-77.53,,6A
715380,CAN_ON_Windsor.715380_CWEC,ON,CAN,42.27,-82.97,,5A
717060,CAN_PE_Charlottetown.717060_CWEC,PE,CAN,46.28,-63.13,,6A
717270,CAN_PQ_Bagotville.717270_CWEC,PQ,CAN,48.33,-71,,7
711870,CAN_PQ_Baie.Comeau.711870_CWEC,PQ,CAN,49.13,-68.2,,7
719050,CAN_PQ_Kuujjuarapik.719050_CWEC,PQ,CAN,55.28,-77.77,,8
719060,CAN_PQ_Kuujuaq.719060_CWEC,PQ,CAN,58.1,-68.42,,8
718270,CAN_PQ_La.Grande.Riviere.718270_CWEC,PQ,CAN,53.63,-77.7,,8
714210,CAN_PQ_Lake.Eon.714210_CWEC,PQ,CAN,51.87,-63.28,,8
717180,CAN_PQ_Mont.Joli.717180_CWEC,PQ,CAN,48.6,-68.22,,7
716270,CAN_PQ_Montreal.Intl.AP.716270_CWEC,PQ,CAN,45.47,-73.75,,6A
716278,CAN_PQ_Montreal.Mirabel.716278_CWEC,PQ,CAN,45.68,-74.03,,6A
716278,CAN_PQ_Montreal.Mirabel.716278_CWEC,PQ,CAN,45.68,-74.03,,6A
717140,CAN_PQ_Quebec.717140_CWEC,PQ,CAN,46.8,-71.38,,6A
717150,CAN_PQ_Riviere.du.Loup.717150_CWEC,PQ,CAN,47.8,-69.55,,7
717280,CAN_PQ_Roberval.717280_CWEC,PQ,CAN,48.52,-72.27,,7
718280,CAN_PQ_Schefferville.718280_CWEC,PQ,CAN,54.8,-66.82,,8
718110,CAN_PQ_Sept-Iles.718110_CWEC,PQ,CAN,50.22,-66.27,,7
716100,CAN_PQ_Sherbrooke.716100_CWEC,PQ,CAN,45.43,-71.68,,7
713710,CAN_PQ_St.Hubert.713710_CWEC,PQ,CAN,45.52,-73.42,,6A
717200,CAN_PQ_Ste.Agathe.des.Monts.717200_CWEC,PQ,CAN,46.05,-74.28,,7
717250,CAN_PQ_Val.d.Or.717250_CWEC,PQ,CAN,48.07,-77.78,,7
718620,CAN_SK_Estevan.718620_CWEC,SK,CAN,49.22,-102.97,,7
718760,CAN_SK_North.Battleford.718760_CWEC,SK,CAN,52.77,-108.25,,7
718630,CAN_SK_Regina.718630_CWEC,SK,CAN,50.43,-104.67,,7
718660,CAN_SK_Saskatoon.718660_CWEC,SK,CAN,52.17,-106.68,,7
718700,CAN_SK_Swift.Current.718700_CWEC,SK,CAN,50.28,-107.68,,7
719640,CAN_YT_Whitehorse.719640_CWEC,YT,CAN,60.72,-135.07,,7
783180,CUB_Bahia.Honda.783180_SWERA,,CUB,22.9,-83.15,,1A
783550,CUB_Camaguey.783550_SWERA,,CUB,21.4,-77.85,,1A
783250,CUB_Casa.Blanca.783250_SWERA,,CUB,23.17,-82.35,,1A
783440,CUB_Cienfuegos.783440_SWERA,,CUB,22.13,-80.45,,1A
783670,CUB_Guantanamo.Bay.NAS.783670_SWERA,,CUB,19.9,-75.22,,1A
783670,CUB_Guantanamo.Bay.NAS.783670_SWERA,,CUB,19.9,-75.22,,1A
782240,CUB_Havana.782240_IWEC,,CUB,22.98,-82.4,,1A
782240,CUB_Havana.782240_IWEC,,CUB,22.98,-82.4,,1A
783110,CUB_La.Bajada.783110_SWERA,,CUB,21.92,-84.47,,1A
783210,CUB_La.Fe.783210_SWERA,,CUB,21.73,-82.77,,1A
783170,CUB_Paso.Real.de.San.Diego.783170_SWERA,,CUB,22.57,-83.3,,1A
783150,CUB_Pinar.del.Rio.783150_SWERA,,CUB,22.42,-83.68,,1A
783330,CUB_Playa.Giron.783330_SWERA,,CUB,22.07,-81.03,,1A
783580,CUB_Puerto.Padre.783580_SWERA,,CUB,21.2,-76.6,,1A
783690,CUB_Punta.de.Maisi.783690_SWERA,,CUB,20.25,-74.15,,1A
783490,CUB_Sancti.Spiritus.783490_SWERA,,CUB,21.93,-79.45,,1A
782640,CUB_Santiago.de.Cuba.782640_SWERA,,CUB,19.97,-75.85,,1A
783380,CUB_Saua.la.Grande.783380_SWERA,,CUB,22.82,-80.08,,1A
783270,CUB_Union.de.Reyes.783270_SWERA,,CUB,22.77,-81.53,,1A
782290,CUB_Varadero.782290_SWERA,,CUB,23.13,-81.28,,1A
786150,GTM_Flores.786150_SWERA,,GTM,16.92,-89.88,,1A
786410,GTM_Guatemala-La.Aurora.786410_SWERA,,GTM,14.58,-90.52,,3A
786270,GTM_Huehuetenango.786270_SWERA,,GTM,15.32,-91.47,,3A
786370,GTM_Puerto.Barrios.786370_SWERA,,GTM,15.72,-88.6,,1A
786470,GTM_San.Jose.786470_SWERA,,GTM,13.92,-90.82,,1A
787000,HND_Amapala.787000_SWERA,,HND,13.28,-87.67,,1A
787140,HND_Catacamas.787140_SWERA,,HND,14.9,-85.93,,1A
787240,HND_Choluteca.787240_SWERA,,HND,13.3,-87.18,,1B
787050,HND_La.Ceiba-Goloson.787050_SWERA,,HND,15.73,-86.87,,1A
787080,HND_La.Mesa-San.Pedro.Sula.787080_SWERA,,HND,15.45,-87.93,,1A
787110,HND_Puerto.Lempira.787110_SWERA,,HND,15.22,-83.8,,1A
787170,HND_Santa.Rosa.de.Copan.787170_SWERA,,HND,14.78,-88.78,,2A
787060,HND_Tela.787060_SWERA,,HND,15.72,-87.48,,1A
768056,MEX_Acapulco.768056_IWEC,,MEX,16.77,-99.75,,1A
766790,MEX_Mexico.City.766790_IWEC,,MEX,19.43,-99.08,,3B
766910,MEX_Veracruz.766910_IWEC,,MEX,19.2,-96.13,,1A
789250,MTQ_Fort-de-France.789250_IWEC,,MTQ,14.6,-61,,1A
787390,NIC_Chinandega.787390_SWERA,,NIC,12.63,-87.13,,1A
787410,NIC_Managua-Augusto.CES.787410_SWERA,,NIC,12.15,-86.17,,1A
787330,NIC_Rivas.787330_SWERA,,NIC,11.42,-85.83,,1A
785140,PRI_Aguadilla-Borinquen.AP.785140_TMY3,,PRI,18.5,-67.13,,1A
785145,PRI_Mayaguez-Eugenio.Maria.de.Hostos.AP.785145_TMY3,,PRI,18.25,-67.15,,1A
785203,PRI_Mercedita.AP.785203_TMY3,,PRI,18,-66.55,,1A
785350,PRI_Roosevelt.Roads.NAS.785350_TMY3,,PRI,18.25,-65.63,,1A
785263,PRI_San.Juan-Luis.Munoz.Marin.Intl.AP.785263_TMY3,,PRI,18.43,-66,,1A
785260,PRI_San.Juan.Intl.AP.785260_TMY3,,PRI,18.42,-66,,1A
785260,PRI_San.Juan.Intl.AP.785260_TMY3,,PRI,18.42,-66,,1A
786500,SLV_Acajutla.786500_SWERA,,SLV,13.57,-89.83,,1A
786630,SLV_San.Salvador-Ilopango.786630_SWERA,,SLV,13.7,-89.12,,
704540,USA_AK_Adak.NAS.704540_TMY,AK,USA,51.88,-176.65,,4C
704540,USA_AK_Adak.NAS.704540_TMY,AK,USA,51.88,-176.65,,4C
701718,USA_AK_Ambler.701718_TMY3,AK,USA,67.1,-157.85,,8
701625,USA_AK_Anaktuvuk.Pass.701625_TMY3,AK,USA,68.13,-151.73,,8
702720,USA_AK_Anchorage-Elmendorf.AFB.702720_TMY3,AK,USA,61.25,-149.8,,6A
702725,USA_AK_Anchorage-Lake.Hood.Seaplane.Base.702725_TMY3,AK,USA,61.18,-149.97,,6A
702735,USA_AK_Anchorage-Merrill.Field.702735_TMY3,AK,USA,61.22,-149.85,,6A
702730,USA_AK_Anchorage.702730_TMY2,AK,USA,61.17,-150.02,,7
702730,USA_AK_Anchorage.702730_TMY2,AK,USA,61.17,-150.02,,7
702320,USA_AK_Aniak.AP.702320_TMY3,AK,USA,61.58,-159.53,,7
703980,USA_AK_Annette.Island.AP.703980_TMY,AK,USA,55.03,-131.57,,5A
703980,USA_AK_Annette.Island.AP.703980_TMY,AK,USA,55.03,-131.57,,5A
703980,USA_AK_Annette.Island.AP.703980_TMY,AK,USA,55.03,-131.57,,5A
702075,USA_AK_Anvik.702075_TMY3,AK,USA,62.65,-160.18,,7
700260,USA_AK_Barrow-W.Post-W.Rogers.AP.700260_TMY3,AK,USA,71.32,-156.62,,8
700260,USA_AK_Barrow-W.Post-W.Rogers.AP.700260_TMY3,AK,USA,71.32,-156.62,,8
702190,USA_AK_Bethel.AP.702190_TMY3,AK,USA,60.78,-161.83,,7
702190,USA_AK_Bethel.AP.702190_TMY3,AK,USA,60.78,-161.83,,7
702190,USA_AK_Bethel.AP.702190_TMY3,AK,USA,60.78,-161.83,,7
701740,USA_AK_Bettles.701740_TMY2,AK,USA,66.92,-151.52,,8
701740,USA_AK_Bettles.701740_TMY2,AK,USA,66.92,-151.52,,8
702670,USA_AK_Big.Delta-Allen.AAF.702670_TMY,AK,USA,64,-145.73,,8
702670,USA_AK_Big.Delta-Allen.AAF.702670_TMY,AK,USA,64,-145.73,,8
702670,USA_AK_Big.Delta-Allen.AAF.702670_TMY,AK,USA,64,-145.73,,8
702986,USA_AK_Big.River.Lake.702986_TMY3,AK,USA,60.82,-152.3,,7
702746,USA_AK_Birchwood.702746_TMY3,AK,USA,61.42,-149.52,,7
702606,USA_AK_Chulitna.702606_TMY3,AK,USA,62.88,-149.83,,7
703160,USA_AK_Cold.Bay.AP.703160_TMY3,AK,USA,55.2,-162.72,,7
703160,USA_AK_Cold.Bay.AP.703160_TMY3,AK,USA,55.2,-162.72,,7
702960,USA_AK_Cordova.702960_TMY3,AK,USA,60.5,-145.5,,6A
700637,USA_AK_Deadhorse.700637_TMY3,AK,USA,70.2,-148.48,,8
703210,USA_AK_Dillingham.AWOS.703210_TMY3,AK,USA,59.05,-158.52,,7
702650,USA_AK_Eielson.AFB.702650_TMY3,AK,USA,64.65,-147.1,,7
702084,USA_AK_Emmonak.702084_TMY3,AK,USA,62.78,-164.5,,7
702610,USA_AK_Fairbanks.Intl.AP.702610_TMY3,AK,USA,64.82,-147.85,,8
702610,USA_AK_Fairbanks.Intl.AP.702610_TMY3,AK,USA,64.82,-147.85,,8
702610,USA_AK_Fairbanks.Intl.AP.702610_TMY3,AK,USA,64.82,-147.85,,8
701940,USA_AK_Fort.Yukon.701940_TMY3,AK,USA,66.57,-145.27,,8
702040,USA_AK_Gambell.702040_TMY3,AK,USA,63.78,-171.75,,8
702710,USA_AK_Gulkana.702710_TMY3,AK,USA,62.15,-145.45,,8
702710,USA_AK_Gulkana.702710_TMY3,AK,USA,62.15,-145.45,,8
702710,USA_AK_Gulkana.702710_TMY3,AK,USA,62.15,-145.45,,8
703670,USA_AK_Gustavus.703670_TMY3,AK,USA,58.42,-135.7,,6A
702495,USA_AK_Hayes.River.702495_TMY3,AK,USA,61.98,-152.08,,7
702647,USA_AK_Healy.River.AP.702647_TMY3,AK,USA,63.88,-149.02,,7
703410,USA_AK_Homer.AP.703410_TMY,AK,USA,59.65,-151.48,,7
703410,USA_AK_Homer.AP.703410_TMY,AK,USA,59.65,-151.48,,7
702607,USA_AK_Hoonah.702607_TMY3,AK,USA,58.08,-135.45,,6A
702186,USA_AK_Hooper.Bay.702186_TMY3,AK,USA,61.52,-166.15,,7
702225,USA_AK_Huslia.702225_TMY3,AK,USA,65.7,-156.38,,8
703884,USA_AK_Hydaburg.Seaplane.Base.703884_TMY3,AK,USA,55.2,-132.83,,5B
703400,USA_AK_Iliamna.AP.703400_TMY3,AK,USA,59.75,-154.92,,7
703810,USA_AK_Juneau.Intl.AP.703810_TMY,AK,USA,58.35,-134.58,,7
703810,USA_AK_Juneau.Intl.AP.703810_TMY,AK,USA,58.35,-134.58,,7
703855,USA_AK_Kake.Seaplane.Base.703855_TMY3,AK,USA,56.97,-133.95,,6A
702590,USA_AK_Kenai.Muni.AP.702590_TMY3,AK,USA,60.58,-151.23,,7
703950,USA_AK_Ketchikan.Intl.AP.703950_TMY3,AK,USA,55.37,-131.72,,6A
703260,USA_AK_King.Salmon.703260_TMY2,AK,USA,58.68,-156.65,,7
703260,USA_AK_King.Salmon.703260_TMY2,AK,USA,58.68,-156.65,,7
703260,USA_AK_King.Salmon.703260_TMY2,AK,USA,58.68,-156.65,,7
703500,USA_AK_Kodiak.AP.703500_TMY,AK,USA,57.75,-152.5,,6A
703500,USA_AK_Kodiak.AP.703500_TMY,AK,USA,57.75,-152.5,,6A
703500,USA_AK_Kodiak.AP.703500_TMY,AK,USA,57.75,-152.5,,6A
701330,USA_AK_Kotzebue-Ralph.Wein.Mem.AP.701330_TMY3,AK,USA,66.88,-162.6,,8
701330,USA_AK_Kotzebue-Ralph.Wein.Mem.AP.701330_TMY3,AK,USA,66.88,-162.6,,8
702310,USA_AK_McGrath.AP.702310_TMY3,AK,USA,62.95,-155.6,,8
702310,USA_AK_McGrath.AP.702310_TMY3,AK,USA,62.95,-155.6,,8
702310,USA_AK_McGrath.AP.702310_TMY3,AK,USA,62.95,-155.6,,8
702185,USA_AK_Mekoryuk.702185_TMY3,AK,USA,60.37,-166.27,,7
703430,USA_AK_Middleton.Island.703430_TMY3,AK,USA,59.47,-146.32,,4C
702460,USA_AK_Minchumina.702460_TMY3,AK,USA,63.88,-152.28,,7
702600,USA_AK_Nenana.Muni.AP.702600_TMY3,AK,USA,64.55,-149.1,,7
702000,USA_AK_Nome.702000_TMY2,AK,USA,64.5,-165.43,,8
702000,USA_AK_Nome.702000_TMY2,AK,USA,64.5,-165.43,,8
702000,USA_AK_Nome.702000_TMY2,AK,USA,64.5,-165.43,,8
702910,USA_AK_Northway.AP.702910_TMY3,AK,USA,62.97,-141.93,,8
702740,USA_AK_Palmer.Muni.AP.702740_TMY3,AK,USA,61.6,-149.08,,6A
703860,USA_AK_Petersburg.703860_TMY3,AK,USA,56.8,-132.95,,6A
701043,USA_AK_Point.Hope.AWOS.701043_TMY3,AK,USA,68.35,-166.8,,8
703330,USA_AK_Port.Heiden.703330_TMY3,AK,USA,56.95,-158.62,,7
702005,USA_AK_Saint.Marys.AWOS.702005_TMY3,AK,USA,62.07,-163.3,,7
703165,USA_AK_Sand.Point.703165_TMY3,AK,USA,55.32,-160.52,,6A
702035,USA_AK_Savoonga.702035_TMY3,AK,USA,63.68,-170.5,,8
700197,USA_AK_Selawik.700197_TMY3,AK,USA,66.6,-160,,8
702770,USA_AK_Seward.702770_TMY3,AK,USA,60.12,-149.45,,6A
704140,USA_AK_Shemya.AFB.704140_TMY3,AK,USA,52.72,174.12,,7
701195,USA_AK_Shishmaref.AWOS.701195_TMY3,AK,USA,66.27,-166.05,,8
703710,USA_AK_Sitka-Japonski.Island.AP.703710_TMY3,AK,USA,57.05,-135.37,,6A
703620,USA_AK_Skagway.AP.703620_TMY3,AK,USA,59.47,-135.3,,6A
703407,USA_AK_Sleetmute.703407_TMY3,AK,USA,61.72,-157.15,,7
702595,USA_AK_Soldotna.702595_TMY3,AK,USA,60.47,-151.03,,7
703080,USA_AK_St.Paul.Island.703080_TMY2,AK,USA,57.15,-170.22,,7
703080,USA_AK_St.Paul.Island.703080_TMY2,AK,USA,57.15,-170.22,,7
702640,USA_AK_Summit.702640_TMY,AK,USA,63.33,-149.13,,8
702510,USA_AK_Talkeetna.State.AP.702510_TMY3,AK,USA,62.32,-150.1,,7
702510,USA_AK_Talkeetna.State.AP.702510_TMY3,AK,USA,62.32,-150.1,,7
701780,USA_AK_Tanana-Ralph.Calhoun.AP.701780_TMY3,AK,USA,65.17,-152.1,,8
703606,USA_AK_Togiak.Village.AWOS.703606_TMY3,AK,USA,59.05,-160.4,,7
702070,USA_AK_Unalakleet.Field.702070_TMY3,AK,USA,63.88,-160.8,,7
704890,USA_AK_Unalaska-Dutch.Harbor.Field.704890_TMY3,AK,USA,53.9,-166.55,,6A
702756,USA_AK_Valdez-Pioneer.Field.702756_TMY3,AK,USA,61.13,-146.27,,6A
702750,USA_AK_Valdez.702750_TMY3,AK,USA,61.13,-146.35,,7
702757,USA_AK_Whittier.702757_TMY3,AK,USA,60.77,-148.68,,7
703870,USA_AK_Wrangell.703870_TMY3,AK,USA,56.48,-132.37,,6A
703610,USA_AK_Yakutat.703610_TMY2,AK,USA,59.52,-139.67,,7
703610,USA_AK_Yakutat.703610_TMY2,AK,USA,59.52,-139.67,,7
703610,USA_AK_Yakutat.703610_TMY2,AK,USA,59.52,-139.67,,7
722287,USA_AL_Anniston.Metro.AP.722287_TMY3,AL,USA,33.58,-85.85,,3A
722284,USA_AL_Auburn-Opelika.AP.722284_TMY3,AL,USA,32.62,-85.43,,3A
722280,USA_AL_Birmingham.722280_TMY2,AL,USA,33.57,-86.75,,3A
722280,USA_AL_Birmingham.722280_TMY2,AL,USA,33.57,-86.75,,3A
722280,USA_AL_Birmingham.722280_TMY2,AL,USA,33.57,-86.75,,3A
722268,USA_AL_Dothan.Muni.AP.722268_TMY3,AL,USA,31.23,-85.43,,3A
722269,USA_AL_Fort.Rucker-Cairns.Field.722269_TMY3,AL,USA,31.27,-85.72,,3A
722285,USA_AL_Gadsen.Muni.AWOS.722285_TMY3,AL,USA,33.97,-86.08,,3A
723230,USA_AL_Huntsville.Intl.AP-Jones.Field.723230_TMY3,AL,USA,34.65,-86.78,,3A
723230,USA_AL_Huntsville.Intl.AP-Jones.Field.723230_TMY3,AL,USA,34.65,-86.78,,3A
722265,USA_AL_Maxwell.AFB.722265_TMY3,AL,USA,32.38,-86.35,,3A
722235,USA_AL_Mobile-Downtown.AP.722235_TMY3,AL,USA,30.63,-88.07,,2A
722230,USA_AL_Mobile.722230_TMY2,AL,USA,30.68,-88.25,,2A
722230,USA_AL_Mobile.722230_TMY2,AL,USA,30.68,-88.25,,2A
722230,USA_AL_Mobile.722230_TMY2,AL,USA,30.68,-88.25,,2A
722260,USA_AL_Montgomery-Dannelly.Field.722260_TMY3,AL,USA,32.3,-86.4,,3A
722260,USA_AL_Montgomery-Dannelly.Field.722260_TMY3,AL,USA,32.3,-86.4,,3A
722260,USA_AL_Montgomery-Dannelly.Field.722260_TMY3,AL,USA,32.3,-86.4,,3A
723235,USA_AL_Muscle.Shoals.Rgnl.AP.723235_TMY3,AL,USA,34.75,-87.6,,3A
722267,USA_AL_Troy.Air.Field.722267_TMY3,AL,USA,31.87,-86.02,,3A
722286,USA_AL_Tuscaloosa.Muni.AP.722286_TMY3,AL,USA,33.22,-87.62,,3A
723448,USA_AR_Batesville.AWOS.723448_TMY3,AR,USA,35.73,-91.65,,4C
723444,USA_AR_Bentonville.AWOS.723444_TMY3,AR,USA,36.35,-94.22,,4A
723419,USA_AR_El.Dorado-Goodwin.Field.723419_TMY3,AR,USA,33.22,-92.82,,3B
723445,USA_AR_Fayetteville-Drake.Field.723445_TMY3,AR,USA,36,-94.17,,3A
723447,USA_AR_Flippin.AWOS.723447_TMY3,AR,USA,36.3,-92.47,,3A
723440,USA_AR_Fort.Smith.Rgnl.AP.723440_TMY3,AR,USA,35.33,-94.37,,3A
723440,USA_AR_Fort.Smith.Rgnl.AP.723440_TMY3,AR,USA,35.33,-94.37,,3A
723440,USA_AR_Fort.Smith.Rgnl.AP.723440_TMY3,AR,USA,35.33,-94.37,,3A
723446,USA_AR_Harrison.AP.723446_TMY3,AR,USA,36.27,-93.15,,4C
723415,USA_AR_Hot.Springs.Mem.AP.723415_TMY3,AR,USA,34.47,-93.1,,3A
723407,USA_AR_Jonesboro.Muni.AP.723407_TMY3,AR,USA,35.83,-90.65,,4C
723403,USA_AR_Little.Rock-Adams.Field.723403_TMY,AR,USA,34.92,-92.15,,3A
723403,USA_AR_Little.Rock-Adams.Field.723403_TMY,AR,USA,34.92,-92.15,,3A
723405,USA_AR_Little.Rock.723405_TMY2,AR,USA,34.73,-92.23,,3A
723405,USA_AR_Little.Rock.723405_TMY2,AR,USA,34.73,-92.23,,3A
723417,USA_AR_Pine.Bluff.AP.723417_TMY3,AR,USA,34.17,-91.93,,3A
723449,USA_AR_Rogers.AWOS.723449_TMY3,AR,USA,36.37,-94.1,,4C
723443,USA_AR_Siloam.Spring.AWOS.723443_TMY3,AR,USA,36.18,-94.48,,4C
723434,USA_AR_Springdale.Muni.AP.723434_TMY3,AR,USA,36.18,-94.12,,4A
723416,USA_AR_Stuttgart.AWOS.723416_TMY3,AR,USA,34.6,-91.57,,3A
723418,USA_AR_Texarkana-Webb.Field.723418_TMY3,AR,USA,33.45,-94,,3A
723406,USA_AR_Walnut.Ridge.AWOS.723406_TMY3,AR,USA,36.13,-90.92,,4C
722748,USA_AZ_Casa.Grande.AWOS.722748_TMY3,AZ,USA,32.95,-111.77,,2B
722745,USA_AZ_Davis-Monthan.AFB.722745_TMY3,AZ,USA,32.17,-110.88,,2B
722735,USA_AZ_Douglas-Bisbee.Douglas.Intl.AP.722735_TMY3,AZ,USA,31.47,-109.6,,3B
723755,USA_AZ_Flagstaff.723755_TMY2,AZ,USA,35.13,-111.67,,5B
723755,USA_AZ_Flagstaff.723755_TMY2,AZ,USA,35.13,-111.67,,5B
723783,USA_AZ_Grand.Canyon.National.Park.AP.723783_TMY3,AZ,USA,35.95,-112.15,,5B
723700,USA_AZ_Kingman.AWOS.723700_TMY3,AZ,USA,35.27,-113.95,,3B
722785,USA_AZ_Luke.AFB.722785_TMY3,AZ,USA,33.55,-112.37,,2B
723710,USA_AZ_Page.Muni.AWOS.723710_TMY3,AZ,USA,36.93,-111.45,,3B
722784,USA_AZ_Phoenix-Deer.Valley.AP.722784_TMY3,AZ,USA,33.68,-112.08,,2B
722780,USA_AZ_Phoenix.722780_TMY2,AZ,USA,33.43,-112.02,,2B
722780,USA_AZ_Phoenix.722780_TMY2,AZ,USA,33.43,-112.02,,2B
722780,USA_AZ_Phoenix.722780_TMY2,AZ,USA,33.43,-112.02,,2B
723723,USA_AZ_Prescott.723723_TMY2,AZ,USA,34.65,-112.43,,4B
723723,USA_AZ_Prescott.723723_TMY2,AZ,USA,34.65,-112.43,,4B
723723,USA_AZ_Prescott.723723_TMY2,AZ,USA,34.65,-112.43,,4B
722747,USA_AZ_Safford.AWOS.722747_TMY3,AZ,USA,32.82,-109.68,,2B
722789,USA_AZ_Scottsdale.Muni.AP.722789_TMY3,AZ,USA,33.62,-111.92,,2B
723747,USA_AZ_Show.Low.Muni.AP.723747_TMY3,AZ,USA,34.27,-110,,4B
722740,USA_AZ_Tucson.Intl.AP.722740_TMY,AZ,USA,32.12,-110.93,,2B
722740,USA_AZ_Tucson.Intl.AP.722740_TMY,AZ,USA,32.12,-110.93,,2B
722740,USA_AZ_Tucson.Intl.AP.722740_TMY,AZ,USA,32.12,-110.93,,2B
723740,USA_AZ_Winslow.Muni.AP.723740_TMY,AZ,USA,35.03,-110.71,,4B
723740,USA_AZ_Winslow.Muni.AP.723740_TMY,AZ,USA,35.03,-110.71,,4B
722800,USA_AZ_Yuma.Intl.AP.722800_TMY3,AZ,USA,32.67,-114.6,,1B
722800,USA_AZ_Yuma.Intl.AP.722800_TMY3,AZ,USA,32.67,-114.6,,1B
699604,USA_AZ_Yuma.MCAS.699604_TMY3,AZ,USA,32.65,-114.62,,1B
725958,USA_CA_Alturas.725958_TMY3,CA,USA,41.5,-120.53,,5B
725945,USA_CA_Arcata.AP.725945_TMY,CA,USA,40.98,-124.1,,4A
725945,USA_CA_Arcata.AP.725945_TMY,CA,USA,40.98,-124.1,,4A
725945,USA_CA_Arcata.AP.725945_TMY,CA,USA,40.98,-124.1,,4A
723840,USA_CA_Bakersfield-Meadows.Field.723840_TMY3,CA,USA,35.43,-119.05,,3B
723840,USA_CA_Bakersfield-Meadows.Field.723840_TMY3,CA,USA,35.43,-119.05,,3B
723840,USA_CA_Bakersfield-Meadows.Field.723840_TMY3,CA,USA,35.43,-119.05,,3B
723815,USA_CA_Barstow.Daggett.AP.723815_TMY3,CA,USA,34.85,-116.8,,2B
723815,USA_CA_Barstow.Daggett.AP.723815_TMY3,CA,USA,34.85,-116.8,,2B
723815,USA_CA_Barstow.Daggett.AP.723815_TMY3,CA,USA,34.85,-116.8,,2B
724837,USA_CA_Beale.AFB.724837_TMY3,CA,USA,39.13,-121.43,,3A
724800,USA_CA_Bishop.AP.724800_TMY3,CA,USA,37.37,-118.35,,4B
725845,USA_CA_Blue.Canyon.AP.725845_TMY3,CA,USA,39.3,-120.72,,4B
747188,USA_CA_Blythe-Riverside.County.AP.747188_TMY3,CA,USA,33.62,-114.72,,1B
722880,USA_CA_Burbank-Glendale-Passadena.Bob.Hope.AP.722880_TMY3,CA,USA,34.2,-118.35,,3A
723926,USA_CA_Camarillo.AWOS.723926_TMY3,CA,USA,34.22,-119.08,,3C
722926,USA_CA_Camp.Pendleton.MCAS.722926_TMY3,CA,USA,33.3,-117.35,,3C
722927,USA_CA_Carlsbad.722927_TMY3,CA,USA,33.13,-117.28,,3C
746120,USA_CA_China.Lake.NAF.746120_TMY3,CA,USA,35.68,-117.68,,3B
746120,USA_CA_China.Lake.NAF.746120_TMY3,CA,USA,35.68,-117.68,,3B
722899,USA_CA_Chino.AP.722899_TMY3,CA,USA,33.97,-117.63,,3A
722904,USA_CA_Chula.Vista-Brown.Field.Muni.AP.722904_TMY3,CA,USA,32.58,-116.98,,3C
724936,USA_CA_Concord-Buchanan.Field.724936_TMY3,CA,USA,38,-122.05,,3C
725946,USA_CA_Crescent.City-Jack.McNamara.Field.725946_TMY3,CA,USA,41.78,-124.23,,4A
723810,USA_CA_Edwards.AFB.723810_TMY3,CA,USA,34.9,-117.87,,3B
690140,USA_CA_El.Toro.MCAS.690140_TMY,CA,USA,33.66,-117.73,,3C
745160,USA_CA_Fairfield-Travis.AFB.745160_TMY3,CA,USA,38.27,-121.93,,3C
723890,USA_CA_Fresno.723890_TMY2,CA,USA,36.77,-119.72,,3A
723890,USA_CA_Fresno.723890_TMY2,CA,USA,36.77,-119.72,,3A
723890,USA_CA_Fresno.723890_TMY2,CA,USA,36.77,-119.72,,3A
722976,USA_CA_Fullerton.Muni.AP.722976_TMY3,CA,USA,33.87,-117.98,,3A
722956,USA_CA_Hawthorne-Jack.Northrop.Field.722956_TMY3,CA,USA,33.92,-118.33,,3C
724935,USA_CA_Hayward.Air.Terminal.724935_TMY3,CA,USA,37.67,-122.12,,3C
747185,USA_CA_Imperial.County.AP.747185_TMY3,CA,USA,32.83,-115.58,,2B
723816,USA_CA_Lancaster-Gen.Wm.Fox.Field.723816_TMY3,CA,USA,34.73,-118.22,,3B
747020,USA_CA_Lemoore.NAS.747020_TMY3,CA,USA,36.33,-119.95,,3A
724927,USA_CA_Livermore.Muni.AP.724927_TMY3,CA,USA,37.7,-121.82,,3C
722895,USA_CA_Lompoc.AWOS.722895_TMY3,CA,USA,34.67,-120.47,,3C
722970,USA_CA_Long.Beach.722970_TMY2,CA,USA,33.82,-118.15,,3A
722970,USA_CA_Long.Beach.722970_TMY2,CA,USA,33.82,-118.15,,3A
722970,USA_CA_Long.Beach.722970_TMY2,CA,USA,33.82,-118.15,,3A
722950,USA_CA_Los.Angeles.Intl.AP.722950_TMY,CA,USA,33.93,-118.4,,3C
722950,USA_CA_Los.Angeles.Intl.AP.722950_TMY,CA,USA,33.93,-118.4,,3C
722950,USA_CA_Los.Angeles.Intl.AP.722950_TMY,CA,USA,33.93,-118.4,,3C
722860,USA_CA_March.AFB.722860_TMY3,CA,USA,33.9,-117.25,,3B
724815,USA_CA_Merced-Macready.Field.724815_TMY3,CA,USA,37.28,-120.52,,3A
724926,USA_CA_Modesto.Muni.AP.724926_TMY3,CA,USA,37.63,-120.95,,3A
725955,USA_CA_Montague-Siskiyou.County.AP.725955_TMY3,CA,USA,41.78,-122.47,,4B
724915,USA_CA_Monterey.NAF.724915_TMY3,CA,USA,36.6,-121.87,,3C
725957,USA_CA_Mount.Shasta.725957_TMY,CA,USA,41.33,-122.33,,5C
745090,USA_CA_Mountain.View-Moffett.Field.NAS.745090_TMY3,CA,USA,37.4,-122.05,,3C
745090,USA_CA_Mountain.View-Moffett.Field.NAS.745090_TMY3,CA,USA,37.4,-122.05,,3C
724955,USA_CA_Napa.County.AP.724955_TMY3,CA,USA,38.22,-122.28,,3C
723805,USA_CA_Needles.AP.723805_TMY3,CA,USA,34.77,-114.62,,1B
724930,USA_CA_Oakland.Intl.AP.724930_TMY,CA,USA,37.71,-122.21,,3C
724930,USA_CA_Oakland.Intl.AP.724930_TMY,CA,USA,37.71,-122.21,,3C
723927,USA_CA_Oxnard.AP.723927_TMY3,CA,USA,34.2,-119.2,,3C
747187,USA_CA_Palm.Springs-Thermal.AP.747187_TMY3,CA,USA,33.63,-116.17,,2B
722868,USA_CA_Palm.Springs.Intl.AP.722868_TMY3,CA,USA,33.83,-116.5,,1B
723820,USA_CA_Palmdale.AP.723820_TMY3,CA,USA,34.63,-118.08,,3B
723965,USA_CA_Paso.Robles.Muni.AP.723965_TMY3,CA,USA,35.67,-120.63,,3C
723910,USA_CA_Point.Mugu.NAS.723910_TMY3,CA,USA,34.12,-119.12,,3C
723910,USA_CA_Point.Mugu.NAS.723910_TMY3,CA,USA,34.12,-119.12,,3C
723895,USA_CA_Porterville.AWOS.723895_TMY3,CA,USA,36.03,-119.07,,3A
725910,USA_CA_Red.Bluff.Muni.AP.725910_TMY,CA,USA,40.15,-122.25,,3B
725910,USA_CA_Red.Bluff.Muni.AP.725910_TMY,CA,USA,40.15,-122.25,,3B
725920,USA_CA_Redding.Muni.AP.725920_TMY3,CA,USA,40.52,-122.32,,3B
722869,USA_CA_Riverside.Muni.AP.722869_TMY3,CA,USA,33.95,-117.45,,3A
724835,USA_CA_Sacramento.724835_TMY2,CA,USA,38.52,-121.5,,3C
724830,USA_CA_Sacramento.Exec.AP.724830_TMY,CA,USA,38.55,-121.3,,3C
724830,USA_CA_Sacramento.Exec.AP.724830_TMY,CA,USA,38.55,-121.3,,3C
724839,USA_CA_Sacramento.Metro.AP.724839_TMY3,CA,USA,38.7,-121.58,,3C
724917,USA_CA_Salinas.Muni.AP.724917_TMY3,CA,USA,36.67,-121.6,,3C
722900,USA_CA_San.Diego.722900_TMY2,CA,USA,32.73,-117.17,,3A
722900,USA_CA_San.Diego.722900_TMY2,CA,USA,32.73,-117.17,,3A
722930,USA_CA_San.Diego-Miramar.NAS.722930_TMY3,CA,USA,32.87,-117.13,,3C
722903,USA_CA_San.Diego-Montgomery.Field.722903_TMY3,CA,USA,32.82,-117.13,,3C
722906,USA_CA_San.Diego-North.Island.NAS.722906_TMY3,CA,USA,32.7,-117.2,,3C
722900,USA_CA_San.Diego.722900_TMY2,CA,USA,32.73,-117.17,,3A
724940,USA_CA_San.Francisco.Intl.AP.724940_TMY3,CA,USA,37.62,-122.4,,3C
724940,USA_CA_San.Francisco.Intl.AP.724940_TMY3,CA,USA,37.62,-122.4,,3C
724940,USA_CA_San.Francisco.Intl.AP.724940_TMY3,CA,USA,37.62,-122.4,,3C
724945,USA_CA_San.Jose.Intl.AP.724945_TMY3,CA,USA,37.37,-121.93,,3C
722897,USA_CA_San.Luis.Obispo.AP.722897_TMY3,CA,USA,35.23,-120.63,,3C
723830,USA_CA_Sandberg.723830_TMY3,CA,USA,34.75,-118.72,,4B
722977,USA_CA_Santa.Ana-John.Wayne.AP.722977_TMY3,CA,USA,33.68,-117.87,,3A
723925,USA_CA_Santa.Barbara.Muni.AP.723925_TMY3,CA,USA,34.43,-119.85,,3C
723940,USA_CA_Santa.Maria.Public.AP.723940_TMY,CA,USA,34.9,-120.45,,3C
723940,USA_CA_Santa.Maria.Public.AP.723940_TMY,CA,USA,34.9,-120.45,,3C
723940,USA_CA_Santa.Maria.Public.AP.723940_TMY,CA,USA,34.9,-120.45,,3C
722885,USA_CA_Santa.Monica.Muni.AP.722885_TMY3,CA,USA,34.02,-118.45,,3C
724957,USA_CA_Santa.Rosa.AWOS.724957_TMY3,CA,USA,38.52,-122.82,,3C
725847,USA_CA_South.Lake.Tahoe-Lake.Tahoe.AP.725847_TMY3,CA,USA,38.9,-120,,6B
724920,USA_CA_Stockton.Metro.AP.724920_TMY3,CA,USA,37.9,-121.23,,3C
725846,USA_CA_Truckee.Tahoe.AP.725846_TMY3,CA,USA,39.32,-120.13,,6B
690150,USA_CA_Twentynine.Palms.690150_TMY3,CA,USA,34.3,-116.17,,2B
725905,USA_CA_Ukiah.Muni.AP.725905_TMY3,CA,USA,39.13,-123.2,,3C
722886,USA_CA_Van.Nuys.AP.722886_TMY3,CA,USA,34.22,-118.48,,3A
723896,USA_CA_Visalia.Muni.AWOS.723896_TMY3,CA,USA,36.32,-119.4,,3A
724838,USA_CA_Yuba.County.AP.724838_TMY3,CA,USA,39.1,-121.57,,3A
724698,USA_CO_Akron-Washington.County.AP.724698_TMY3,CO,USA,40.17,-103.23,,5B
724620,USA_CO_Alamosa.Muni.AP.724620_TMY3,CO,USA,37.43,-105.87,,6B
724620,USA_CO_Alamosa.Muni.AP.724620_TMY3,CO,USA,37.43,-105.87,,6B
724676,USA_CO_Aspen-Pitkin.County-Sardy.Field.724676_TMY3,CO,USA,39.22,-106.87,,6B
724695,USA_CO_Aurora-Buckley.Field.ANGB.724695_TMY3,CO,USA,39.72,-104.75,,5B
724699,USA_CO_Boulder.724699_TMY2,CO,USA,40.02,-105.25,,5B
724699,USA_CO_Boulder.724699_TMY2,CO,USA,40.02,-105.25,,5B
724660,USA_CO_Colorado.Springs-Peterson.Field.724660_TMY,CO,USA,38.82,-104.72,,5B
724660,USA_CO_Colorado.Springs-Peterson.Field.724660_TMY,CO,USA,38.82,-104.72,,5B
724660,USA_CO_Colorado.Springs-Peterson.Field.724660_TMY,CO,USA,38.82,-104.72,,5B
724767,USA_CO_Cortez-Montezuma.County.AP.724767_TMY3,CO,USA,37.3,-108.63,,5B
725700,USA_CO_Craig.Moffat.AP.725700_TMY3,CO,USA,40.5,-107.53,,6B
724690,USA_CO_Denver-Stapleton.724690_TMY,CO,USA,39.76,-104.86,,5B
725650,USA_CO_Denver.Intl.AP.725650_TMY3,CO,USA,39.83,-104.65,,5B
724625,USA_CO_Durango-La.Plata.County.AP.724625_TMY3,CO,USA,37.15,-107.75,,5B
724675,USA_CO_Eagle.County.Rgnl.AP.724675_TMY3,CO,USA,39.65,-106.92,,6B
724675,USA_CO_Eagle.County.Rgnl.AP.724675_TMY3,CO,USA,39.65,-106.92,,6B
724675,USA_CO_Eagle.County.Rgnl.AP.724675_TMY3,CO,USA,39.65,-106.92,,6B
724769,USA_CO_Fort.Collins.AWOS.724769_TMY3,CO,USA,40.45,-105.02,,5B
724666,USA_CO_Golden-NREL.724666_TMY3,CO,USA,39.74,-105.18,,5B
724760,USA_CO_Grand.Junction-Walker.Field.724760_TMY,CO,USA,39.12,-108.53,,5B
724760,USA_CO_Grand.Junction-Walker.Field.724760_TMY,CO,USA,39.12,-108.53,,5B
724760,USA_CO_Grand.Junction-Walker.Field.724760_TMY,CO,USA,39.12,-108.53,,5B
724768,USA_CO_Greeley-Weld.County.AWOS.724768_TMY3,CO,USA,40.43,-104.63,,5B
724677,USA_CO_Gunnison.County.AWOS.724677_TMY3,CO,USA,38.53,-106.93,,7
725715,USA_CO_Hayden-Yampa.AWOS.725715_TMY3,CO,USA,40.48,-107.22,,6B
724635,USA_CO_La.Junta.Muni.AP.724635_TMY3,CO,USA,38.05,-103.53,,4B
724636,USA_CO_Lamar.Muni.AP.724636_TMY3,CO,USA,38.07,-102.68,,5A
724673,USA_CO_Leadville-Lake.County.AP.724673_TMY3,CO,USA,39.22,-106.32,,7
724665,USA_CO_Limon.Muni.AP.724665_TMY3,CO,USA,39.18,-103.72,,5B
724765,USA_CO_Montrose.County.AP.724765_TMY3,CO,USA,38.5,-107.9,,5B
724640,USA_CO_Pueblo.Mem.AP.724640_TMY3,CO,USA,38.28,-104.5,,4B
724640,USA_CO_Pueblo.Mem.AP.724640_TMY3,CO,USA,38.28,-104.5,,4B
724640,USA_CO_Pueblo.Mem.AP.724640_TMY3,CO,USA,38.28,-104.5,,4B
725717,USA_CO_Rifle-Garfield.County.Rgnl.AP.725717_TMY3,CO,USA,39.53,-107.72,,5B
724645,USA_CO_Trinidad-Las.Animas.County.AP.724645_TMY3,CO,USA,37.27,-104.33,,4B
725040,USA_CT_Bridgeport.725040_TMY2,CT,USA,41.17,-73.13,,5A
725040,USA_CT_Bridgeport.725040_TMY2,CT,USA,41.17,-73.13,,5A
725086,USA_CT_Danbury.Muni.AP.725086_TMY3,CT,USA,41.37,-73.48,,5A
725046,USA_CT_Groton-New.London.AP.725046_TMY3,CT,USA,41.33,-72.05,,5A
725080,USA_CT_Hartford-Bradley.Intl.AP.725080_TMY3,CT,USA,41.93,-72.68,,5A
725080,USA_CT_Hartford-Bradley.Intl.AP.725080_TMY3,CT,USA,41.93,-72.68,,5A
725087,USA_CT_Hartford-Brainard.Field.725087_TMY3,CT,USA,41.73,-72.65,,4A
725087,USA_CT_Hartford-Brainard.Field.725087_TMY3,CT,USA,41.73,-72.65,,4A
725045,USA_CT_New.Haven-Tweed.AP.725045_TMY3,CT,USA,41.27,-72.88,,4A
725029,USA_CT_Oxford.AWOS.725029_TMY3,CT,USA,41.48,-73.13,,5A
724088,USA_DE_Dover.AFB.724088_TMY3,DE,USA,39.13,-75.47,,4A
724089,USA_DE_Wilmington.724089_TMY2,DE,USA,39.67,-75.6,,4A
724089,USA_DE_Wilmington.724089_TMY2,DE,USA,39.67,-75.6,,4A
724089,USA_DE_Wilmington.724089_TMY2,DE,USA,39.67,-75.6,,4A
722200,USA_FL_Apalachicola.722200_TMY,FL,USA,29.73,-85.03,,2A
722215,USA_FL_Crestview-Bob.Sikes.AP.722215_TMY3,FL,USA,30.78,-86.52,,3A
722056,USA_FL_Daytona.Beach.Intl.AP.722056_TMY3,FL,USA,29.18,-81.07,,2A
722056,USA_FL_Daytona.Beach.Intl.AP.722056_TMY3,FL,USA,29.18,-81.07,,2A
722056,USA_FL_Daytona.Beach.Intl.AP.722056_TMY3,FL,USA,29.18,-81.07,,2A
722039,USA_FL_Fort.Lauderdale.Executive.AP.722039_TMY3,FL,USA,26.2,-80.17,,1A
722025,USA_FL_Fort.Lauderdale.Intl.AP.722025_TMY3,FL,USA,26.07,-80.15,,1A
722106,USA_FL_Fort.Myers-Page.Field.722106_TMY3,FL,USA,26.58,-81.87,,1A
722103,USA_FL_Fort.Pierce-St.Lucie.County.AP.722103_TMY3,FL,USA,27.48,-80.37,,2A
747770,USA_FL_Fort.Walton.Beach-Hurlburt.Field.747770_TMY3,FL,USA,30.42,-86.68,,2A
722146,USA_FL_Gainesville.Rgnl.AP.722146_TMY3,FL,USA,29.7,-82.28,,2A
722026,USA_FL_Homestead.AFB.722026_TMY3,FL,USA,25.48,-80.38,,1A
722068,USA_FL_Jacksonville-Craig.Field.722068_TMY3,FL,USA,30.33,-81.52,,2A
722060,USA_FL_Jacksonville.Intl.AP.722060_TMY,FL,USA,30.5,-81.7,,2A
722060,USA_FL_Jacksonville.Intl.AP.722060_TMY,FL,USA,30.5,-81.7,,2A
722060,USA_FL_Jacksonville.Intl.AP.722060_TMY,FL,USA,30.5,-81.7,,2A
722065,USA_FL_Jacksonville.NAS.722065_TMY3,FL,USA,30.23,-81.67,,2A
722010,USA_FL_Key.West.722010_TMY2,FL,USA,24.55,-81.75,,1A
722010,USA_FL_Key.West.722010_TMY2,FL,USA,24.55,-81.75,,1A
722015,USA_FL_Key.West.NAS.722015_TMY3,FL,USA,24.58,-81.68,,1A
722119,USA_FL_Lakeland.Linder.Rgnl.AP.722119_TMY3,FL,USA,27.98,-82.02,,2A
747880,USA_FL_MacDill.AFB.747880_TMY3,FL,USA,27.85,-82.52,,2A
722016,USA_FL_Marathon.AP.722016_TMY3,FL,USA,24.73,-81.05,,1B
722066,USA_FL_Mayport.NS.722066_TMY3,FL,USA,30.4,-81.42,,2A
722040,USA_FL_Melbourne.Rgnl.AP.722040_TMY3,FL,USA,28.12,-80.65,,2A
722029,USA_FL_Miami-Kendall-Tamiami.Executive.AP.722029_TMY3,FL,USA,25.65,-80.43,,
722024,USA_FL_Miami-Opa.Locka.AP.722024_TMY3,FL,USA,25.9,-80.28,,1A
722020,USA_FL_Miami.Intl.AP.722020_TMY3,FL,USA,25.82,-80.3,,1A
722020,USA_FL_Miami.Intl.AP.722020_TMY3,FL,USA,25.82,-80.3,,1A
722020,USA_FL_Miami.Intl.AP.722020_TMY3,FL,USA,25.82,-80.3,,1A
747946,USA_FL_NASA.Shuttle.Landing.Facility.747946_TMY3,FL,USA,28.62,-80.72,,2A
722038,USA_FL_Naples.Muni.AP.722038_TMY3,FL,USA,26.15,-81.77,,2A
722055,USA_FL_Ocala.Muni.AWOS.722055_TMY3,FL,USA,29.17,-82.22,,2A
722057,USA_FL_Orlando-Sanford.AP.722057_TMY3,FL,USA,28.78,-81.25,,2B
722053,USA_FL_Orlando.Executive.AP.722053_TMY3,FL,USA,28.55,-81.33,,2A
722053,USA_FL_Orlando.Executive.AP.722053_TMY3,FL,USA,28.55,-81.33,,2A
722050,USA_FL_Orlando.Intl.AP.722050_TMY3,FL,USA,28.43,-81.33,,2A
722245,USA_FL_Panama.City-Bay.County.AP.722245_TMY3,FL,USA,30.2,-85.68,,2A
722225,USA_FL_Pensacola-Forest.Sherman.NAS.722225_TMY3,FL,USA,30.35,-87.32,,2A
722223,USA_FL_Pensacola.Rgnl.AP.722223_TMY3,FL,USA,30.48,-87.18,,2A
722115,USA_FL_Sarasota-Bradenton.Intl.AP.722115_TMY3,FL,USA,27.38,-82.55,,2A
722108,USA_FL_Southwest.Florida.Intl.AP.722108_TMY3,FL,USA,26.53,-81.75,,2A
722104,USA_FL_St.Petersburg-Albert.Whitted.Station.722104_TMY3,FL,USA,27.77,-82.63,,2A
722116,USA_FL_St.Petersburg-Clearwater.Intl.AP.722116_TMY3,FL,USA,27.9,-82.68,,2A
722140,USA_FL_Tallahassee.Rgnl.AP.722140_TMY3,FL,USA,30.38,-84.37,,2A
722140,USA_FL_Tallahassee.Rgnl.AP.722140_TMY3,FL,USA,30.38,-84.37,,2A
722140,USA_FL_Tallahassee.Rgnl.AP.722140_TMY3,FL,USA,30.38,-84.37,,2A
722110,USA_FL_Tampa.Intl.AP.722110_TMY,FL,USA,27.97,-82.53,,2A
722110,USA_FL_Tampa.Intl.AP.722110_TMY,FL,USA,27.97,-82.53,,2A
722110,USA_FL_Tampa.Intl.AP.722110_TMY,FL,USA,27.97,-82.53,,2A
747750,USA_FL_Tyndall.AFB.747750_TMY3,FL,USA,30.07,-85.58,,3A
722210,USA_FL_Valparaiso-Elgin.AFB.722210_TMY3,FL,USA,30.48,-86.52,,3A
722045,USA_FL_Vero.Beach.Muni.AP.722045_TMY3,FL,USA,27.65,-80.42,,1A
722030,USA_FL_West.Palm.Beach.Intl.AP.722030_TMY3,FL,USA,26.68,-80.1,,2A
722030,USA_FL_West.Palm.Beach.Intl.AP.722030_TMY3,FL,USA,26.68,-80.1,,2A
722030,USA_FL_West.Palm.Beach.Intl.AP.722030_TMY3,FL,USA,26.68,-80.1,,2A
722226,USA_FL_Whiting.Field.NAS.722226_TMY3,FL,USA,30.72,-87.02,,3A
722160,USA_GA_Albany-Dougherty.County.AP.722160_TMY3,GA,USA,31.53,-84.18,,3A
722135,USA_GA_Alma-Bacon.County.AP.722135_TMY3,GA,USA,31.53,-82.5,,3A
723110,USA_GA_Athens.723110_TMY2,GA,USA,33.95,-83.32,,3A
723110,USA_GA_Athens.723110_TMY2,GA,USA,33.95,-83.32,,3A
722190,USA_GA_Atlanta-Hartsfield-Jackson.Intl.AP.722190_TMY,GA,USA,33.65,-84.42,,3A
722190,USA_GA_Atlanta-Hartsfield-Jackson.Intl.AP.722190_TMY,GA,USA,33.65,-84.42,,3A
722190,USA_GA_Atlanta-Hartsfield-Jackson.Intl.AP.722190_TMY,GA,USA,33.65,-84.42,,3A
722180,USA_GA_Augusta-Bush-Field.722180_TMY,GA,USA,33.37,-81.97,,3A
722180,USA_GA_Augusta-Bush-Field.722180_TMY,GA,USA,33.37,-81.97,,3A
722180,USA_GA_Augusta-Bush-Field.722180_TMY,GA,USA,33.37,-81.97,,3A
722136,USA_GA_Brunswick-Golden.Isles.AP.722136_TMY3,GA,USA,31.25,-81.47,,3A
722137,USA_GA_Brunswick-Malcolm.McKinnon.AP.722137_TMY3,GA,USA,31.15,-81.38,,2A
722255,USA_GA_Columbus.722255_TMY2,GA,USA,32.52,-84.95,,3A
722255,USA_GA_Columbus.722255_TMY2,GA,USA,32.52,-84.95,,3A
722196,USA_GA_Dekalb.Peachtree.AP.722196_TMY3,GA,USA,33.87,-84.3,,3A
722250,USA_GA_Fort.Benning-Lawson.Field.722250_TMY3,GA,USA,32.35,-85,,3A
722195,USA_GA_Fulton.County.AP.722195_TMY3,GA,USA,33.77,-84.52,,3A
722170,USA_GA_Macon-Middle.Georgia.Rgnl.AP.722170_TMY3,GA,USA,32.68,-83.65,,3A
722170,USA_GA_Macon-Middle.Georgia.Rgnl.AP.722170_TMY3,GA,USA,32.68,-83.65,,3A
722170,USA_GA_Macon-Middle.Georgia.Rgnl.AP.722170_TMY3,GA,USA,32.68,-83.65,,3A
722270,USA_GA_Marietta-Dobbins.AFB.722270_TMY3,GA,USA,33.92,-84.52,,4A
723200,USA_GA_Rome-Richard.B.Russell.AP.723200_TMY3,GA,USA,34.35,-85.17,,3A
747804,USA_GA_Savannah-Hunter.AAF.747804_TMY3,GA,USA,32,-81.15,,3A
722070,USA_GA_Savannah.Intl.AP.722070_TMY3,GA,USA,32.12,-81.2,,2A
722070,USA_GA_Savannah.Intl.AP.722070_TMY3,GA,USA,32.12,-81.2,,2A
722070,USA_GA_Savannah.Intl.AP.722070_TMY3,GA,USA,32.12,-81.2,,2A
747810,USA_GA_Valdosta-Moody.AFB.747810_TMY3,GA,USA,30.97,-83.2,,3A
722166,USA_GA_Valdosta.Rgnl.AP.722166_TMY3,GA,USA,30.78,-83.28,,2A
722175,USA_GA_Warner.Robins.AFB.722175_TMY3,GA,USA,32.63,-83.6,,3A
911780,USA_HI_Barbers.Point.NAS.911780_TMY,HI,USA,21.32,-158.07,,1A
911780,USA_HI_Barbers.Point.NAS.911780_TMY,HI,USA,21.32,-158.07,,1A
912850,USA_HI_Hilo.912850_TMY2,HI,USA,19.72,-155.07,,1A
912850,USA_HI_Hilo.912850_TMY2,HI,USA,19.72,-155.07,,1A
912850,USA_HI_Hilo.912850_TMY2,HI,USA,19.72,-155.07,,1A
911820,USA_HI_Honolulu.Intl.AP.911820_TMY,HI,USA,21.35,-157.93,,1A
911820,USA_HI_Honolulu.Intl.AP.911820_TMY,HI,USA,21.35,-157.93,,1A
911820,USA_HI_Honolulu.Intl.AP.911820_TMY,HI,USA,21.35,-157.93,,1A
911900,USA_HI_Kahului.911900_TMY2,HI,USA,20.9,-156.43,,1A
911900,USA_HI_Kahului.911900_TMY2,HI,USA,20.9,-156.43,,1A
911760,USA_HI_Kailua-Kaneohe.Bay.MCAS.911760_TMY3,HI,USA,21.45,-157.78,,1A
911904,USA_HI_Kapalua-West.Maui.AP.911904_TMY3,HI,USA,20.95,-156.63,,1A
911975,USA_HI_Keahole-Kona.Intl.AP.911975_TMY3,HI,USA,19.73,-156.05,,1A
911905,USA_HI_Lanai.AP.911905_TMY3,HI,USA,20.78,-156.95,,1A
911650,USA_HI_Lihue.AP.911650_TMY3,HI,USA,21.98,-159.33,,1A
911650,USA_HI_Lihue.AP.911650_TMY3,HI,USA,21.98,-159.33,,1A
911650,USA_HI_Lihue.AP.911650_TMY3,HI,USA,21.98,-159.33,,1A
911860,USA_HI_Molokai.AWOS.911860_TMY3,HI,USA,21.15,-157.1,,1A
725457,USA_IA_Algona.Muni.AP.725457_TMY3,IA,USA,43.08,-94.27,,5A
725453,USA_IA_Atlantic.Muni.AP.725453_TMY3,IA,USA,41.4,-95.05,,5A
725486,USA_IA_Boone.Muni.AP.725486_TMY3,IA,USA,42.05,-93.85,,5A
725455,USA_IA_Burlington.Muni.AP.725455_TMY,IA,USA,40.78,-91.13,,5A
725455,USA_IA_Burlington.Muni.AP.725455_TMY,IA,USA,40.78,-91.13,,5A
725468,USA_IA_Carroll.Muni.AP.725468_TMY3,IA,USA,42.05,-94.78,,5A
725450,USA_IA_Cedar.Rapids.Muni.AP.725450_TMY3,IA,USA,41.88,-91.72,,5A
725469,USA_IA_Chariton.Muni.AP.725469_TMY3,IA,USA,41.03,-93.37,,5A
725463,USA_IA_Charles.City.Muni.AP.725463_TMY3,IA,USA,43.07,-92.62,,5A
725479,USA_IA_Clarinda.Muni.AP.725479_TMY3,IA,USA,40.72,-95.03,,5A
725473,USA_IA_Clinton.Muni.AWOS.725473_TMY3,IA,USA,41.83,-90.33,,5A
725497,USA_IA_Council.Bluffs.Muni.AP.725497_TMY3,IA,USA,41.27,-95.77,,5A
725474,USA_IA_Creston.Muni.AP.725474_TMY3,IA,USA,41.02,-94.37,,5A
725476,USA_IA_Decorah.Muni.AP.725476_TMY3,IA,USA,43.28,-91.73,,5A
725477,USA_IA_Denison.Muni.AP.725477_TMY3,IA,USA,41.98,-95.38,,5A
725460,USA_IA_Des.Moines.Intl.AP.725460_TMY,IA,USA,41.53,-93.65,,5A
725460,USA_IA_Des.Moines.Intl.AP.725460_TMY,IA,USA,41.53,-93.65,,5A
725460,USA_IA_Des.Moines.Intl.AP.725460_TMY,IA,USA,41.53,-93.65,,5A
725470,USA_IA_Dubuque.Rgnl.AP.725470_TMY3,IA,USA,42.4,-90.7,,6A
726499,USA_IA_Estherville.Muni.AP.726499_TMY3,IA,USA,43.4,-94.75,,6A
726498,USA_IA_Fairfield.Muni.AP.726498_TMY3,IA,USA,41.05,-91.98,,5A
725490,USA_IA_Fort.Dodge.AWOS.725490_TMY3,IA,USA,42.55,-94.18,,5A
725483,USA_IA_Fort.Madison.Muni.AP.725483_TMY3,IA,USA,40.67,-91.33,,4A
725456,USA_IA_Keokuk.Muni.AP.725456_TMY3,IA,USA,40.47,-91.43,,4A
725493,USA_IA_Knoxville.Muni.AP.725493_TMY3,IA,USA,41.3,-93.12,,5A
725484,USA_IA_Le.Mars.Muni.AP.725484_TMY3,IA,USA,42.78,-96.2,,5A
725485,USA_IA_Mason.City.Muni.AP.725485_TMY3,IA,USA,43.15,-93.33,,6A
725485,USA_IA_Mason.City.Muni.AP.725485_TMY3,IA,USA,43.15,-93.33,,6A
725485,USA_IA_Mason.City.Muni.AP.725485_TMY3,IA,USA,43.15,-93.33,,6A
725475,USA_IA_Monticello.Muni.AP.725475_TMY3,IA,USA,42.23,-91.17,,5A
725487,USA_IA_Muscatine.Muni.AP.725487_TMY3,IA,USA,41.37,-91.15,,5A
725464,USA_IA_Newton.Muni.AP.725464_TMY3,IA,USA,41.68,-93.02,,5A
725488,USA_IA_Oelwein.Muni.AP.725488_TMY3,IA,USA,42.68,-91.97,,5A
725489,USA_IA_Orange.City.Muni.AP.725489_TMY3,IA,USA,42.98,-96.07,,5A
725465,USA_IA_Ottumwa.Industrial.AP.725465_TMY3,IA,USA,41.1,-92.45,,5A
725494,USA_IA_Red.Oak.Muni.AP.725494_TMY3,IA,USA,41.02,-95.27,,5A
725495,USA_IA_Sheldon.Muni.AP.725495_TMY3,IA,USA,43.22,-95.83,,5A
725467,USA_IA_Shenandoah.Muni.AP.725467_TMY3,IA,USA,40.75,-95.42,,5A
725570,USA_IA_Sioux.City-Sioux.Gateway.AP.725570_TMY3,IA,USA,42.38,-96.38,,5A
725570,USA_IA_Sioux.City-Sioux.Gateway.AP.725570_TMY3,IA,USA,42.38,-96.38,,5A
725570,USA_IA_Sioux.City-Sioux.Gateway.AP.725570_TMY3,IA,USA,42.38,-96.38,,5A
726500,USA_IA_Spencer.Muni.AP.726500_TMY3,IA,USA,43.17,-95.15,,6A
725496,USA_IA_Storm.Lake.Muni.AP.725496_TMY3,IA,USA,42.6,-95.23,,5A
725454,USA_IA_Washington.Muni.AP.725454_TMY3,IA,USA,41.28,-91.67,,5A
725480,USA_IA_Waterloo.725480_TMY2,IA,USA,42.55,-92.4,,5A
725480,USA_IA_Waterloo.725480_TMY2,IA,USA,42.55,-92.4,,5A
725478,USA_IA_Webster.City.Muni.AP.725478_TMY3,IA,USA,42.43,-93.87,,5A
726810,USA_ID_Boise.Air.Terminal.726810_TMY3,ID,USA,43.62,-116.21,,4B
726810,USA_ID_Boise.Air.Terminal.726810_TMY3,ID,USA,43.62,-116.21,,4B
726810,USA_ID_Boise.Air.Terminal.726810_TMY3,ID,USA,43.62,-116.21,,4B
725867,USA_ID_Burley.Muni.AP.725867_TMY3,ID,USA,42.53,-113.77,,5B
726813,USA_ID_Caldwell.AWOS.726813_TMY3,ID,USA,43.63,-116.63,,5B
727834,USA_ID_Coeur.dAlene.AWOS.727834_TMY3,ID,USA,47.77,-116.82,,5A
725865,USA_ID_Hailey-Sun.Valley.AP.725865_TMY3,ID,USA,43.5,-114.3,,6B
725785,USA_ID_Idaho.Falls-Fanning.Field.725785_TMY3,ID,USA,43.52,-112.07,,6B
727830,USA_ID_Lewiston-Nez.Perce.County.AP.727830_TMY3,ID,USA,46.37,-117.02,,4B
727830,USA_ID_Lewiston-Nez.Perce.County.AP.727830_TMY3,ID,USA,46.37,-117.02,,4B
725786,USA_ID_Malad.City.AP.725786_TMY3,ID,USA,42.15,-112.28,,5B
726815,USA_ID_Mountain.Home.AFB.726815_TMY3,ID,USA,43.05,-115.87,,5B
725780,USA_ID_Pocatello.Muni.AP.725780_TMY3,ID,USA,42.92,-112.57,,5B
725780,USA_ID_Pocatello.Muni.AP.725780_TMY3,ID,USA,42.92,-112.57,,5B
725780,USA_ID_Pocatello.Muni.AP.725780_TMY3,ID,USA,42.92,-112.57,,5B
726865,USA_ID_Salmon-Lemhi.AWOS.726865_TMY3,ID,USA,45.12,-113.88,,6B
725868,USA_ID_Soda.Springs-Tigert.AP.725868_TMY3,ID,USA,42.65,-111.58,,6B
725866,USA_ID_Twin.Falls-Magic.Valley.Rgnl.AP-Joslin.Field.725866_TMY3,ID,USA,42.55,-114.35,,5B
744655,USA_IL_Aurora.Muni.AP.744655_TMY3,IL,USA,41.77,-88.47,,5A
724338,USA_IL_Belleville-Scott.AFB.724338_TMY3,IL,USA,38.55,-89.85,,4A
724397,USA_IL_Bloomington.Normal-Central.Illinois.Rgnl.AP.724397_TMY3,IL,USA,40.47,-88.92,,5A
725314,USA_IL_Cahokia.AP.725314_TMY3,IL,USA,38.57,-90.15,,4A
724336,USA_IL_Carbondale-Southern.Illinois.AP.724336_TMY3,IL,USA,37.77,-89.25,,4C
725340,USA_IL_Chicago-Midway.AP.725340_TMY3,IL,USA,41.78,-87.75,,5A
725340,USA_IL_Chicago-Midway.AP.725340_TMY3,IL,USA,41.78,-87.75,,5A
725300,USA_IL_Chicago-OHare.725300_TMY2,IL,USA,41.78,-87.75,,5A
725300,USA_IL_Chicago-OHare.725300_TMY2,IL,USA,41.78,-87.75,,5A
725316,USA_IL_Decatur.AP.725316_TMY3,IL,USA,39.83,-88.87,,4A
725305,USA_IL_Du.Page.AP.725305_TMY3,IL,USA,41.92,-88.25,,5A
724339,USA_IL_Marion-Williamson.County.Rgnl.AP.724339_TMY3,IL,USA,37.75,-89.02,,4A
725440,USA_IL_Moline-Quad.City.Intl.AP.725440_TMY3,IL,USA,41.47,-90.52,,5A
725440,USA_IL_Moline-Quad.City.Intl.AP.725440_TMY3,IL,USA,41.47,-90.52,,5A
725440,USA_IL_Moline-Quad.City.Intl.AP.725440_TMY3,IL,USA,41.47,-90.52,,5A
724335,USA_IL_Mount.Vernon.AWOS.724335_TMY3,IL,USA,38.32,-88.87,,4A
725320,USA_IL_Peoria.725320_TMY2,IL,USA,40.67,-89.68,,5A
725320,USA_IL_Peoria.725320_TMY2,IL,USA,40.67,-89.68,,5A
724396,USA_IL_Quincy.Muni.AP.724396_TMY3,IL,USA,39.93,-91.2,,4A
725430,USA_IL_Rockford-Greater.Rockford.AP.725430_TMY3,IL,USA,42.2,-89.1,,5A
725430,USA_IL_Rockford-Greater.Rockford.AP.725430_TMY3,IL,USA,42.2,-89.1,,5A
724390,USA_IL_Springfield-Capital.AP.724390_TMY3,IL,USA,39.85,-89.68,,4A
724390,USA_IL_Springfield-Capital.AP.724390_TMY3,IL,USA,39.85,-89.68,,4A
724390,USA_IL_Springfield-Capital.AP.724390_TMY3,IL,USA,39.85,-89.68,,4A
725326,USA_IL_Sterling-Rock.Falls-Whiteside.County.AP.725326_TMY3,IL,USA,41.75,-89.67,,5A
725315,USA_IL_University.of.Illinois-Willard.AP.725315_TMY3,IL,USA,40.06,-88.37,,5A
725347,USA_IL_Waukegan.Rgnl.AP.725347_TMY3,IL,USA,42.42,-87.87,,5A
725336,USA_IN_Delaware.County-Johnson.Field.725336_TMY3,IN,USA,40.23,-85.4,,5A
724320,USA_IN_Evansville.Rgnl.AP.724320_TMY3,IN,USA,38.05,-87.53,,4A
724320,USA_IN_Evansville.Rgnl.AP.724320_TMY3,IN,USA,38.05,-87.53,,4A
724320,USA_IN_Evansville.Rgnl.AP.724320_TMY3,IN,USA,38.05,-87.53,,4A
725330,USA_IN_Fort.Wayne.725330_TMY2,IN,USA,41,-85.2,,5A
725330,USA_IN_Fort.Wayne.725330_TMY2,IN,USA,41,-85.2,,5A
725330,USA_IN_Fort.Wayne.725330_TMY2,IN,USA,41,-85.2,,5A
725335,USA_IN_Grissom.AFB.725335_TMY3,IN,USA,40.65,-86.15,,5A
724365,USA_IN_Huntingburg.Muni.AP.724365_TMY3,IN,USA,38.25,-86.95,,4A
724380,USA_IN_Indianapolis.Intl.AP.724380_TMY3,IN,USA,39.72,-86.27,,5A
724380,USA_IN_Indianapolis.Intl.AP.724380_TMY3,IN,USA,39.72,-86.27,,5A
724380,USA_IN_Indianapolis.Intl.AP.724380_TMY3,IN,USA,39.72,-86.27,,5A
724386,USA_IN_Lafayette-Purdue.University.AP.724386_TMY3,IN,USA,40.42,-86.93,,5A
724375,USA_IN_Monroe.County.AP.724375_TMY3,IN,USA,39.13,-86.62,,4A
725350,USA_IN_South.Bend-Michiana.Rgnl.AP.725350_TMY3,IN,USA,41.7,-86.33,,5A
725350,USA_IN_South.Bend-Michiana.Rgnl.AP.725350_TMY3,IN,USA,41.7,-86.33,,5A
725350,USA_IN_South.Bend-Michiana.Rgnl.AP.725350_TMY3,IN,USA,41.7,-86.33,,5A
724373,USA_IN_Terre.Haute-Hulman.Rgnl.AP.724373_TMY3,IN,USA,39.45,-87.3,,4A
724507,USA_KS_Chanute-Martin.Johnson.AP.724507_TMY3,KS,USA,37.67,-95.48,,4C
724580,USA_KS_Concordia-Blosser.Muni.AP.724580_TMY3,KS,USA,39.55,-97.65,,4A
724510,USA_KS_Dodge.City.Rgnl.AP.724510_TMY3,KS,USA,37.77,-99.97,,4A
724510,USA_KS_Dodge.City.Rgnl.AP.724510_TMY3,KS,USA,37.77,-99.97,,4A
724510,USA_KS_Dodge.City.Rgnl.AP.724510_TMY3,KS,USA,37.77,-99.97,,4A
724556,USA_KS_Emporia.Muni.AP.724556_TMY3,KS,USA,38.33,-96.18,,5A
724550,USA_KS_Fort.Riley-Marshall.AAF.724550_TMY3,KS,USA,39.05,-96.77,,4A
724515,USA_KS_Garden.City.Muni.AP.724515_TMY3,KS,USA,37.93,-100.72,,4A
724650,USA_KS_Goodland.724650_TMY2,KS,USA,39.37,-101.7,,5A
724650,USA_KS_Goodland.724650_TMY2,KS,USA,39.37,-101.7,,5A
724650,USA_KS_Goodland.724650_TMY2,KS,USA,39.37,-101.7,,5A
724517,USA_KS_Great.Bend.AWOS.724517_TMY3,KS,USA,38.35,-98.87,,4A
724518,USA_KS_Hays.Muni.AWOS.724518_TMY3,KS,USA,38.85,-99.27,,4A
724655,USA_KS_Hill.City.Muni.AP.724655_TMY3,KS,USA,39.38,-99.83,,5A
724506,USA_KS_Hutchinson.Muni.AP.724506_TMY3,KS,USA,38.07,-97.87,,4A
724516,USA_KS_Liberal.Muni.AP.724516_TMY3,KS,USA,37.03,-100.97,,4A
724555,USA_KS_Manhattan.Rgnl.AP.724555_TMY3,KS,USA,39.13,-96.67,,4A
724509,USA_KS_Newton.AWOS.724509_TMY3,KS,USA,38.05,-97.28,,4A
724468,USA_KS_Olathe-Johnson.County.Executive.AP.724468_TMY3,KS,USA,38.85,-94.73,,4A
724475,USA_KS_Olathe-Johnson.County.Industrial.AP.724475_TMY3,KS,USA,38.83,-94.88,,4A
724585,USA_KS_Russell.Muni.AP.724585_TMY3,KS,USA,38.88,-98.82,,4A
724586,USA_KS_Salina.Muni.AP.724586_TMY3,KS,USA,38.82,-97.67,,4C
724565,USA_KS_Topeka-Forbes.AFB.724565_TMY3,KS,USA,38.95,-95.67,,4A
724560,USA_KS_Topeka-Phillip.Billard.Muni.AP.724560_TMY3,KS,USA,39.07,-95.63,,4A
724560,USA_KS_Topeka-Phillip.Billard.Muni.AP.724560_TMY3,KS,USA,39.07,-95.63,,4A
724560,USA_KS_Topeka-Phillip.Billard.Muni.AP.724560_TMY3,KS,USA,39.07,-95.63,,4A
724504,USA_KS_Wichita-Col.Jabara.Field.724504_TMY3,KS,USA,37.75,-97.22,,4A
724505,USA_KS_Wichita-McConnell.AFB.724505_TMY3,KS,USA,37.62,-97.27,,4C
724500,USA_KS_Wichita.724500_TMY2,KS,USA,37.65,-97.42,,4A
724500,USA_KS_Wichita.724500_TMY2,KS,USA,37.65,-97.42,,4A
746716,USA_KY_Bowling.Green-Warren.County.AP.746716_TMY3,KY,USA,36.98,-86.43,,4A
724210,USA_KY_Covington-Cincinnati.AP.724210_TMY2,KY,USA,39.07,-84.67,,4A
724210,USA_KY_Covington-Cincinnati.AP.724210_TMY2,KY,USA,39.07,-84.67,,4A
724210,USA_KY_Covington-Cincinnati.AP.724210_TMY2,KY,USA,39.07,-84.67,,4A
746710,USA_KY_Fort.Campbell.AAF.746710_TMY3,KY,USA,36.67,-87.48,,4C
724240,USA_KY_Fort.Knox-Godman.AAF.724240_TMY3,KY,USA,37.9,-85.97,,4A
724238,USA_KY_Henderson.City.County.AP.724238_TMY3,KY,USA,37.82,-87.68,,4A
724236,USA_KY_Jackson-Julian.Carroll.AP.724236_TMY3,KY,USA,37.58,-83.32,,4A
724220,USA_KY_Lexington.724220_TMY2,KY,USA,38.03,-84.6,,4A
724220,USA_KY_Lexington.724220_TMY2,KY,USA,38.03,-84.6,,4A
724220,USA_KY_Lexington.724220_TMY2,KY,USA,38.03,-84.6,,4A
724243,USA_KY_London-Corbin-Magee.Field.724243_TMY3,KY,USA,37.08,-84.08,,4A
724235,USA_KY_Louisville-Bowman.Field.724235_TMY3,KY,USA,38.23,-85.67,,4A
724230,USA_KY_Louisville-Standiford.Field.724230_TMY3,KY,USA,38.18,-85.73,,4A
724230,USA_KY_Louisville-Standiford.Field.724230_TMY3,KY,USA,38.18,-85.73,,4A
724230,USA_KY_Louisville-Standiford.Field.724230_TMY3,KY,USA,38.18,-85.73,,4A
724350,USA_KY_Paducah-Barkley.Rgnl.AP.724350_TMY3,KY,USA,37.05,-88.77,,4A
724354,USA_KY_Somerset-Pulaski.County.AWOS.724354_TMY3,KY,USA,38,-84.6,,4A
747540,USA_LA_Alexandria-England.AFB.747540_TMY3,LA,USA,31.32,-92.55,,2A
722487,USA_LA_Alexandria-Esler.Rgnl.AP.722487_TMY3,LA,USA,31.4,-92.3,,3A
722485,USA_LA_Barksdale.AFB.722485_TMY3,LA,USA,32.5,-93.67,,3A
722317,USA_LA_Baton.Rouge-Ryan.AP.722317_TMY,LA,USA,30.53,-91.15,,2A
722317,USA_LA_Baton.Rouge-Ryan.AP.722317_TMY,LA,USA,30.53,-91.15,,2A
722317,USA_LA_Baton.Rouge-Ryan.AP.722317_TMY,LA,USA,30.53,-91.15,,2A
722390,USA_LA_Fort.Polk.722390_TMY3,LA,USA,31.05,-93.18,,3A
722406,USA_LA_Houma-Terrebonne.AP.722406_TMY3,LA,USA,29.57,-90.67,,2A
722405,USA_LA_Lafayette.RgnlAP.722405_TMY3,LA,USA,30.2,-91.98,,2A
722400,USA_LA_Lake.Charles.Rgnl.AP.722400_TMY3,LA,USA,30.12,-93.23,,2A
722404,USA_LA_Lake.Charles.AP.722404_TMY3,LA,USA,30.22,-93.17,,2A
722400,USA_LA_Lake.Charles.Rgnl.AP.722400_TMY3,LA,USA,30.12,-93.23,,2A
722400,USA_LA_Lake.Charles.Rgnl.AP.722400_TMY3,LA,USA,30.12,-93.23,,2A
722486,USA_LA_Monroe.Rgnl.AP.722486_TMY3,LA,USA,32.52,-92.03,,3A
722314,USA_LA_New.Iberia.722314_TMY3,LA,USA,30.03,-91.88,,2A
722316,USA_LA_New.Orleans-Alvin.Callender.Field.722316_TMY3,LA,USA,29.82,-90.02,,2A
722315,USA_LA_New.Orleans-Lakefront.AP.722315_TMY3,LA,USA,30.05,-90.03,,2A
722315,USA_LA_New.Orleans-Lakefront.AP.722315_TMY3,LA,USA,30.05,-90.03,,2A
722310,USA_LA_New.Orleans.Intl.AP.722310_TMY3,LA,USA,30,-90.25,,2A
722310,USA_LA_New.Orleans.Intl.AP.722310_TMY3,LA,USA,30,-90.25,,2A
722329,USA_LA_Patterson.Mem.AP.722329_TMY3,LA,USA,29.72,-91.33,,2A
722480,USA_LA_Shreveport.Rgnl.AP.722480_TMY,LA,USA,32.47,-93.82,,3A
722484,USA_LA_Shreveport.Downtown.722484_TMY3,LA,USA,32.53,-93.75,,3A
722480,USA_LA_Shreveport.Rgnl.AP.722480_TMY,LA,USA,32.47,-93.82,,3A
722480,USA_LA_Shreveport.Rgnl.AP.722480_TMY,LA,USA,32.47,-93.82,,3A
725067,USA_MA_Barnstable-Boardman.Poland.AP.725067_TMY3,MA,USA,41.67,-70.28,,5A
725088,USA_MA_Beverly.Muni.AP.725088_TMY3,MA,USA,42.58,-70.92,,5A
725090,USA_MA_Boston-Logan.Intl.AP.725090_TMY,MA,USA,42.35,-71.07,,5A
725090,USA_MA_Boston-Logan.Intl.AP.725090_TMY,MA,USA,42.35,-71.07,,5A
725090,USA_MA_Boston-Logan.Intl.AP.725090_TMY,MA,USA,42.35,-71.07,,5A
744910,USA_MA_Chicopee.Falls-Westover.AFB.744910_TMY3,MA,USA,42.2,-72.53,,5A
744904,USA_MA_Lawrence.Muni.AP.744904_TMY3,MA,USA,42.72,-71.12,,5A
725066,USA_MA_Marthas.Vineyard.AP.725066_TMY3,MA,USA,41.4,-70.62,,4A
725063,USA_MA_Nantucket.Mem.AP.725063_TMY3,MA,USA,41.25,-70.07,,4A
725065,USA_MA_New.Bedford.Rgnl.AP.725065_TMY3,MA,USA,41.67,-70.95,,5A
725075,USA_MA_North.Adams.AP.725075_TMY3,MA,USA,42.7,-73.17,,5A
725098,USA_MA_Norwood.Mem.AP.725098_TMY3,MA,USA,42.18,-71.18,,5A
725060,USA_MA_Otis.ANGB.725060_TMY3,MA,USA,41.65,-70.52,,5C
725064,USA_MA_Plymouth.Muni.AP.725064_TMY3,MA,USA,41.92,-70.73,,5A
725073,USA_MA_Provincetown.AWOS.725073_TMY3,MA,USA,42.07,-70.22,,5A
744915,USA_MA_Westfield-Barnes.Muni.AP.744915_TMY3,MA,USA,42.15,-72.72,,5A
725095,USA_MA_Worcester.Rgnl.AP.725095_TMY3,MA,USA,42.27,-71.88,,5A
725095,USA_MA_Worcester.Rgnl.AP.725095_TMY3,MA,USA,42.27,-71.88,,5A
745940,USA_MD_Andrews.AFB.745940_TMY3,MD,USA,38.82,-76.87,,4A
724060,USA_MD_Baltimore.724060_TMY2,MD,USA,39.18,-76.67,,4A
724060,USA_MD_Baltimore.724060_TMY2,MD,USA,39.18,-76.67,,4A
724060,USA_MD_Baltimore.724060_TMY2,MD,USA,39.18,-76.67,,4A
724066,USA_MD_Hagerstown-Washington.County.Rgnl.AP.724066_TMY3,MD,USA,39.7,-77.73,,4A
724040,USA_MD_Patuxent.River.NAS.724040_TMY,MD,USA,38.3,-76.41,,4A
724040,USA_MD_Patuxent.River.NAS.724040_TMY,MD,USA,38.3,-76.41,,4A
724045,USA_MD_Salisbury-Wicomico.County.Rgnl.AP.724045_TMY3,MD,USA,38.33,-75.52,,4A
726184,USA_ME_Auburn-Lewiston.Muni.AP.726184_TMY3,ME,USA,44.05,-70.28,,6A
726185,USA_ME_Augusta.AP.726185_TMY3,ME,USA,44.32,-69.8,,6A
726088,USA_ME_Bangor.Intl.AP.726088_TMY3,ME,USA,44.8,-68.82,,6A
726088,USA_ME_Bangor.Intl.AP.726088_TMY3,ME,USA,44.8,-68.82,,6A
726077,USA_ME_Bar.Harbor.AWOS.726077_TMY3,ME,USA,44.45,-68.37,,6A
743920,USA_ME_Brunswick.NAS.743920_TMY3,ME,USA,43.9,-69.93,,5A
727120,USA_ME_Caribou.Muni.AP.727120_TMY3,ME,USA,46.87,-68.03,,7
727120,USA_ME_Caribou.Muni.AP.727120_TMY3,ME,USA,46.87,-68.03,,7
727120,USA_ME_Caribou.Muni.AP.727120_TMY3,ME,USA,46.87,-68.03,,7
726083,USA_ME_Edmundston-Northern.Aroostook.Rgnl.AP.726083_TMY3,ME,USA,47.28,-68.32,,7
727033,USA_ME_Houlton.Intl.AP.727033_TMY3,ME,USA,46.12,-67.8,,6A
726196,USA_ME_Millinocket.Muni.AP.726196_TMY3,ME,USA,45.65,-68.68,,6A
726060,USA_ME_Portland.Intl.Jetport.726060_TMY,ME,USA,43.65,-70.32,,5A
726060,USA_ME_Portland.Intl.Jetport.726060_TMY,ME,USA,43.65,-70.32,,5A
726060,USA_ME_Portland.Intl.Jetport.726060_TMY,ME,USA,43.65,-70.32,,5A
727130,USA_ME_Presque.Isle.Muni.AP.727130_TMY3,ME,USA,46.68,-68.05,,6A
726079,USA_ME_Rockland-Knox.AWOS.726079_TMY3,ME,USA,44.07,-69.1,,5A
726064,USA_ME_Sanford.Muni.AWOS.726064_TMY3,ME,USA,43.4,-70.72,,6A
726073,USA_ME_Waterville.AWOS.726073_TMY3,ME,USA,44.53,-69.68,,6A
727135,USA_ME_Wiscasset.AP.727135_TMY3,ME,USA,43.97,-69.72,,5A
726390,USA_MI_Alpena.County.Rgnl.AP.726390_TMY3,MI,USA,45.07,-83.58,,6A
726390,USA_MI_Alpena.County.Rgnl.AP.726390_TMY3,MI,USA,45.07,-83.58,,6A
726390,USA_MI_Alpena.County.Rgnl.AP.726390_TMY3,MI,USA,45.07,-83.58,,6A
725374,USA_MI_Ann.Arbor.Muni.AP.725374_TMY3,MI,USA,42.22,-83.75,,5A
725396,USA_MI_Battle.Creek-Kellogg.AP.725396_TMY3,MI,USA,42.3,-85.25,,5A
726355,USA_MI_Benton.Harbor-Ross.Field-Twin.Cities.AP.726355_TMY3,MI,USA,42.13,-86.43,,5A
726384,USA_MI_Cadillac-Wexford.County.AP.726384_TMY3,MI,USA,44.28,-85.42,,6A
727344,USA_MI_Chippewa.County.Intl.AP.727344_TMY3,MI,USA,46.25,-84.47,,6A
725375,USA_MI_Detroit-City.AP.725375_TMY,MI,USA,42.5,-83,,5A
725375,USA_MI_Detroit-City.AP.725375_TMY,MI,USA,42.5,-83,,5A
725370,USA_MI_Detroit-Metro.AP.725370_TMY2,MI,USA,42.42,-83.02,,5A
725376,USA_MI_Detroit-Willow.Run.AP.725376_TMY3,MI,USA,42.23,-83.53,,5A
725370,USA_MI_Detroit-Metro.AP.725370_TMY2,MI,USA,42.42,-83.02,,5A
726480,USA_MI_Escanaba.AWOS.726480_TMY3,MI,USA,45.75,-87.03,,6A
726370,USA_MI_Flint-Bishop.Intl.AP.726370_TMY3,MI,USA,42.97,-83.75,,5A
726370,USA_MI_Flint-Bishop.Intl.AP.726370_TMY3,MI,USA,42.97,-83.75,,5A
726370,USA_MI_Flint-Bishop.Intl.AP.726370_TMY3,MI,USA,42.97,-83.75,,5A
726350,USA_MI_Grand.Rapids-Kent.County.Intl.AP.726350_TMY3,MI,USA,42.88,-85.52,,5A
726350,USA_MI_Grand.Rapids-Kent.County.Intl.AP.726350_TMY3,MI,USA,42.88,-85.52,,5A
726350,USA_MI_Grand.Rapids-Kent.County.Intl.AP.726350_TMY3,MI,USA,42.88,-85.52,,5A
727440,USA_MI_Hancock-Houghton.County.AP.727440_TMY3,MI,USA,47.17,-88.5,,6A
726380,USA_MI_Houghton-Lake.Roscommon.County.AP.726380_TMY3,MI,USA,44.37,-84.68,,6A
727440,USA_MI_Hancock-Houghton.County.AP.727440_TMY3,MI,USA,47.17,-88.5,,6A
725378,USA_MI_Howell-Livingston.County.AP.725378_TMY3,MI,USA,42.63,-83.98,,5A
727437,USA_MI_Iron.Mountain-Ford.Field.727437_TMY3,MI,USA,45.82,-88.12,,6A
727445,USA_MI_Ironwood.AWOS.727445_TMY3,MI,USA,46.53,-90.13,,6A
725395,USA_MI_Jackson-Reynolds.Field.725395_TMY3,MI,USA,42.27,-84.47,,5A
726357,USA_MI_Kalamazoo-Battle.Creek.Intl.AP.726357_TMY3,MI,USA,42.23,-85.55,,5A
725390,USA_MI_Lansing.725390_TMY2,MI,USA,42.78,-84.6,,5A
725390,USA_MI_Lansing.725390_TMY2,MI,USA,42.78,-84.6,,5A
726385,USA_MI_Manistee.AWOS.726385_TMY3,MI,USA,44.27,-86.25,,5A
726487,USA_MI_Menominee.AWOS.726487_TMY3,MI,USA,45.13,-87.63,,6A
725377,USA_MI_Mount.Clemens-Selfridge.ANGB.725377_TMY3,MI,USA,42.62,-82.83,,5C
726360,USA_MI_Muskegon.County.AP.726360_TMY3,MI,USA,43.17,-86.23,,5A
726360,USA_MI_Muskegon.County.AP.726360_TMY3,MI,USA,43.17,-86.23,,5A
726375,USA_MI_Oakland.County.Intl.AP.726375_TMY3,MI,USA,42.67,-83.42,,5A
726395,USA_MI_Oscoda-Wurtsmith.AFB.726395_TMY3,MI,USA,44.45,-83.4,,5A
727347,USA_MI_Pellston-Emmet.County.AP.727347_TMY3,MI,USA,45.57,-84.78,,5A
726379,USA_MI_Saginaw-Tri.City.Intl.AP.726379_TMY3,MI,USA,43.53,-84.08,,5A
727340,USA_MI_Sault.Ste.Marie.727340_TMY2,MI,USA,46.47,-84.37,,6A
727340,USA_MI_Sault.Ste.Marie.727340_TMY2,MI,USA,46.47,-84.37,,6A
727340,USA_MI_Sault.Ste.Marie.727340_TMY2,MI,USA,46.47,-84.37,,6A
725384,USA_MI_St.Clair.County.Intl.AP.725384_TMY3,MI,USA,42.92,-82.53,,5A
726387,USA_MI_Traverse.City-Cherry.Capital.AP.726387_TMY3,MI,USA,44.73,-85.58,,6A
726387,USA_MI_Traverse.City-Cherry.Capital.AP.726387_TMY3,MI,USA,44.73,-85.58,,6A
726387,USA_MI_Traverse.City-Cherry.Capital.AP.726387_TMY3,MI,USA,44.73,-85.58,,6A
727504,USA_MN_Aitkin.AWOS.727504_TMY3,MN,USA,46.55,-93.68,,6A
726589,USA_MN_Albert.Lea.AWOS.726589_TMY3,MN,USA,43.68,-93.37,,5A
726557,USA_MN_Alexandria.Muni.AP.726557_TMY3,MN,USA,45.88,-95.4,,6A
727566,USA_MN_Austin.Muni.AP.727566_TMY3,MN,USA,43.67,-92.93,,6A
727476,USA_MN_Baudette.Intl.AP.727476_TMY3,MN,USA,48.72,-94.6,,6A
727550,USA_MN_Bemidji.Muni.AP.727550_TMY3,MN,USA,47.5,-94.93,,6A
727507,USA_MN_Benson.Muni.AP.727507_TMY3,MN,USA,45.32,-95.65,,6A
726555,USA_MN_Brainerd-Crow.Wing.County.AP.726555_TMY3,MN,USA,46.4,-94.13,,6A
727503,USA_MN_Cambridge.Muni.AP.727503_TMY3,MN,USA,45.57,-93.27,,6A
726558,USA_MN_Cloquet.AWOS.726558_TMY3,MN,USA,46.7,-92.5,,7
727473,USA_MN_Crane.Lake.AWOS.727473_TMY3,MN,USA,46.27,-92.57,,7
727452,USA_MN_Crookston.Muni.Field.727452_TMY3,MN,USA,47.85,-96.62,,6A
727457,USA_MN_Detroit.Lakes.AWOS.727457_TMY3,MN,USA,46.83,-95.88,,6A
727450,USA_MN_Duluth.Intl.AP.727450_TMY3,MN,USA,46.83,-92.22,,7
727450,USA_MN_Duluth.Intl.AP.727450_TMY3,MN,USA,46.83,-92.22,,7
727450,USA_MN_Duluth.Intl.AP.727450_TMY3,MN,USA,46.83,-92.22,,7
726579,USA_MN_Edin.Prairie-Flying.Cloud.AP.726579_TMY3,MN,USA,44.82,-93.45,,6A
727459,USA_MN_Ely.Muni.AP.727459_TMY3,MN,USA,47.82,-91.83,,7
727474,USA_MN_Eveleth.Muni.AWOS.727474_TMY3,MN,USA,47.4,-92.5,,7
726586,USA_MN_Fairmont.Muni.AWOS.726586_TMY3,MN,USA,43.65,-94.42,,6A
726563,USA_MN_Faribault.Muni.AWOS.726563_TMY3,MN,USA,44.33,-93.32,,6A
726560,USA_MN_Fergus.Falls.AWOS.726560_TMY3,MN,USA,46.28,-96.15,,6A
727505,USA_MN_Fosston.AWOS.727505_TMY3,MN,USA,47.58,-95.77,,7
726547,USA_MN_Glenwood.AWOS.726547_TMY3,MN,USA,45.65,-95.32,,6A
727458,USA_MN_Grand.Rapids.AWOS.727458_TMY3,MN,USA,47.22,-93.52,,6A
727478,USA_MN_Hallock.727478_TMY3,MN,USA,48.78,-96.95,,7
727455,USA_MN_Hibbing-Chisholm.Hibbing.AP.727455_TMY3,MN,USA,47.38,-92.85,,7
726569,USA_MN_Hutchinson.AWOS.726569_TMY3,MN,USA,44.87,-94.38,,6A
727470,USA_MN_International.Falls.Intl.AP.727470_TMY3,MN,USA,48.57,-93.4,,7
727470,USA_MN_International.Falls.Intl.AP.727470_TMY3,MN,USA,48.57,-93.4,,7
727470,USA_MN_International.Falls.Intl.AP.727470_TMY3,MN,USA,48.57,-93.4,,7
726583,USA_MN_Litchfield.Muni.AP.726583_TMY3,MN,USA,45.1,-94.5,,6A
726578,USA_MN_Little.Falls.AWOS.726578_TMY3,MN,USA,45.95,-94.35,,6A
726585,USA_MN_Mankato.AWOS.726585_TMY3,MN,USA,44.22,-93.92,,6A
726559,USA_MN_Marshall.Muni-Ryan.Field.AWOS.726559_TMY3,MN,USA,44.45,-95.82,,6A
726575,USA_MN_Minneapolis-Crystal.AP.726575_TMY3,MN,USA,45.07,-93.35,,6A
726580,USA_MN_Minneapolis-St.Paul.726580_TMY2,MN,USA,44.88,-93.22,,6A
726580,USA_MN_Minneapolis-St.Paul.726580_TMY2,MN,USA,44.88,-93.22,,6A
726580,USA_MN_Minneapolis-St.Paul.726580_TMY2,MN,USA,44.88,-93.22,,6A
727475,USA_MN_Mora.Muni.AWOS.727475_TMY3,MN,USA,45.88,-93.27,,6A
726565,USA_MN_Morris.Muni.AWOS.726565_TMY3,MN,USA,45.57,-95.97,,6A
726567,USA_MN_New.Ulm.Muni.AWOS.726567_TMY3,MN,USA,44.32,-94.5,,6A
726544,USA_MN_Orr.Rgnl.AP.726544_TMY3,MN,USA,48.02,-92.87,,7
726568,USA_MN_Owatonna.AWOS.726568_TMY3,MN,USA,44.12,-93.25,,6A
727453,USA_MN_Park.Rapids.Muni.AP.727453_TMY3,MN,USA,46.9,-95.07,,6A
726566,USA_MN_Pipestone.AWOS.726566_TMY3,MN,USA,43.98,-96.32,,6A
726564,USA_MN_Red.Wing.Muni.AP.726564_TMY3,MN,USA,44.58,-92.48,,6A
726556,USA_MN_Redwood.Falls.Muni.AP.726556_TMY3,MN,USA,44.55,-95.08,,6A
726440,USA_MN_Rochester.Intl.AP.726440_TMY3,MN,USA,43.9,-92.5,,6A
726440,USA_MN_Rochester.Intl.AP.726440_TMY3,MN,USA,43.9,-92.5,,6A
726440,USA_MN_Rochester.Intl.AP.726440_TMY3,MN,USA,43.9,-92.5,,6A
727477,USA_MN_Roseau.Muni.AWOS.727477_TMY3,MN,USA,48.85,-95.7,,7
726550,USA_MN_St.Cloud.Muni.AP.726550_TMY3,MN,USA,45.55,-94.05,,6A
727556,USA_MN_Silver.Bay.Muni.AP.727556_TMY3,MN,USA,47.2,-91.4,,7
726603,USA_MN_South.St.Paul.Muni.AP.726603_TMY3,MN,USA,44.85,-93.15,,6A
726550,USA_MN_St.Cloud.Muni.AP.726550_TMY3,MN,USA,45.55,-94.05,,6A
726584,USA_MN_St.Paul-Downtown.AP.726584_TMY3,MN,USA,44.93,-93.05,,6A
727555,USA_MN_Thief.River.AWOS.727555_TMY3,MN,USA,48.07,-96.18,,7
727444,USA_MN_Two.Harbors.Muni.AP.727444_TMY3,MN,USA,47.05,-91.75,,6A
727533,USA_MN_Wheaton.AWOS.727533_TMY3,MN,USA,45.7,-96.5,,6A
726576,USA_MN_Willmar.Muni.AP.726576_TMY3,MN,USA,45.12,-95.08,,6A
726588,USA_MN_Winona.Muni.AWOS.726588_TMY3,MN,USA,44.08,-91.7,,6A
726587,USA_MN_Worthington.AWOS.726587_TMY3,MN,USA,43.65,-95.58,,6A
723489,USA_MO_Cape.Girardeau.Muni.AP.723489_TMY3,MO,USA,37.23,-89.57,,4A
724450,USA_MO_Columbia.724450_TMY2,MO,USA,38.82,-92.22,,4A
724450,USA_MO_Columbia.724450_TMY2,MO,USA,38.82,-92.22,,4A
724450,USA_MO_Columbia.724450_TMY2,MO,USA,38.82,-92.22,,4A
724454,USA_MO_Farmington.Rgnl.AP.724454_TMY3,MO,USA,37.77,-90.4,,4A
724457,USA_MO_Fort.Leonard.Wood-Forney.AAF.724457_TMY3,MO,USA,37.75,-92.15,,4A
724458,USA_MO_Jefferson.City.Mem.AP.724458_TMY3,MO,USA,38.58,-92.15,,4A
723495,USA_MO_Joplin.Muni.AP.723495_TMY3,MO,USA,37.15,-94.5,,3A
724459,USA_MO_Kaiser-Lee.Fine.Mem.AWOS.724459_TMY3,MO,USA,38.1,-92.55,,4A
724460,USA_MO_Kansas.City.Intl.AP.724460_TMY3,MO,USA,39.3,-94.72,,4A
724463,USA_MO_Kansas.City.Downtown.AP.724463_TMY3,MO,USA,39.12,-94.6,,4C
724460,USA_MO_Kansas.City.Intl.AP.724460_TMY3,MO,USA,39.3,-94.72,,4A
724455,USA_MO_Kirksville.Muni.AP.724455_TMY3,MO,USA,40.1,-92.55,,5A
723300,USA_MO_Poplar.Bluff.AWOS.723300_TMY3,MO,USA,36.77,-90.47,,4C
724456,USA_MO_Rolla.National.AP.724456_TMY3,MO,USA,38.13,-91.77,,4A
724400,USA_MO_Springfield.724400_TMY2,MO,USA,37.23,-93.38,,4A
724400,USA_MO_Springfield.724400_TMY2,MO,USA,37.23,-93.38,,4A
724400,USA_MO_Springfield.724400_TMY2,MO,USA,37.23,-93.38,,4A
724490,USA_MO_St.Joseph-Rosecrans.Mem.AP.724490_TMY3,MO,USA,39.77,-94.9,,4A
724340,USA_MO_St.Louis.724340_TMY2,MO,USA,38.75,-90.38,,4A
724340,USA_MO_St.Louis.724340_TMY2,MO,USA,38.75,-90.38,,4A
724345,USA_MO_St.Louis-Spirit.of.St.Louis.AP.724345_TMY3,MO,USA,38.65,-90.65,,4A
724340,USA_MO_St.Louis.724340_TMY2,MO,USA,38.75,-90.38,,4A
724467,USA_MO_Whiteman.AFB.724467_TMY3,MO,USA,38.72,-93.55,,4A
747686,USA_MS_Biloxi-Keesler.AFB.747686_TMY3,MS,USA,30.42,-88.92,,2A
723306,USA_MS_Columbus.AFB.723306_TMY3,MS,USA,33.65,-88.45,,3A
723307,USA_MS_Golden.Triangle.Rgnl.AWOS.723307_TMY3,MS,USA,33.45,-88.58,,3A
722356,USA_MS_Greenville.Muni.AP.722356_TMY3,MS,USA,33.48,-90.98,,3A
722359,USA_MS_Greenwood-Leflore.AP.722359_TMY3,MS,USA,33.5,-90.08,,3A
747685,USA_MS_Gulfport-Biloxi.Intl.AP.747685_TMY3,MS,USA,30.4,-89.07,,2A
722348,USA_MS_Hattiesburg-Laurel.AP.722348_TMY3,MS,USA,31.47,-89.33,,3A
722350,USA_MS_Jackson.Intl.AP.722350_TMY,MS,USA,32.32,-90.08,,3A
722350,USA_MS_Jackson.Intl.AP.722350_TMY,MS,USA,32.32,-90.08,,3A
722350,USA_MS_Jackson.Intl.AP.722350_TMY,MS,USA,32.32,-90.08,,3A
722358,USA_MS_McComb-Pike.Co.AP.722358_TMY3,MS,USA,31.23,-90.47,,3A
722340,USA_MS_Meridian.722340_TMY2,MS,USA,32.33,-88.75,,3A
722340,USA_MS_Meridian.722340_TMY2,MS,USA,32.33,-88.75,,3A
722340,USA_MS_Meridian.722340_TMY2,MS,USA,32.33,-88.75,,3A
722345,USA_MS_Meridian.NAS.722345_TMY3,MS,USA,32.55,-88.57,,3A
722357,USA_MS_Natchez-Hardy.Anders.Field.722357_TMY3,MS,USA,31.62,-91.3,,3A
723320,USA_MS_Tupelo.Muni-C.D.Lemons.AP.723320_TMY3,MS,USA,34.27,-88.77,,3A
726770,USA_MT_Billings-Logan.Intl.AP.726770_TMY3,MT,USA,45.8,-108.55,,5B
726770,USA_MT_Billings-Logan.Intl.AP.726770_TMY3,MT,USA,45.8,-108.55,,5B
726770,USA_MT_Billings-Logan.Intl.AP.726770_TMY3,MT,USA,45.8,-108.55,,5B
726797,USA_MT_Bozeman-Gallatin.Field.726797_TMY3,MT,USA,45.8,-111.15,,6B
726785,USA_MT_Butte-Bert.Mooney.AP.726785_TMY3,MT,USA,45.95,-112.5,,6B
727796,USA_MT_Cut.Bank.Muni.AP.727796_TMY,MT,USA,48.6,-112.37,,6B
727796,USA_MT_Cut.Bank.Muni.AP.727796_TMY,MT,USA,48.6,-112.37,,6B
727796,USA_MT_Cut.Bank.Muni.AP.727796_TMY,MT,USA,48.6,-112.37,,6B
726796,USA_MT_Dillon.726796_TMY,MT,USA,45.25,-112.55,,6B
727680,USA_MT_Glasgow.Intl.AP.727680_TMY3,MT,USA,48.22,-106.62,,6A
727680,USA_MT_Glasgow.Intl.AP.727680_TMY3,MT,USA,48.22,-106.62,,6A
727680,USA_MT_Glasgow.Intl.AP.727680_TMY3,MT,USA,48.22,-106.62,,6A
726676,USA_MT_Glendive.AWOS.726676_TMY3,MT,USA,47.13,-104.8,,6A
727755,USA_MT_Great.Falls.727755_TMY2,MT,USA,47.48,-111.37,,6B
727750,USA_MT_Great.Falls.Intl.AP.727750_TMY,MT,USA,47.5,-111.18,,6B
727750,USA_MT_Great.Falls.Intl.AP.727750_TMY,MT,USA,47.5,-111.18,,6B
727770,USA_MT_Havre.City-County.AP.727770_TMY3,MT,USA,48.55,-109.77,,6B
727720,USA_MT_Helena.Rgnl.AP.727720_TMY3,MT,USA,46.6,-111.97,,6B
727720,USA_MT_Helena.Rgnl.AP.727720_TMY3,MT,USA,46.6,-111.97,,6B
727720,USA_MT_Helena.Rgnl.AP.727720_TMY3,MT,USA,46.6,-111.97,,6B
727790,USA_MT_Kalispell-Glacier.Park.Intl.AP.727790_TMY3,MT,USA,48.32,-114.25,,6A
727790,USA_MT_Kalispell-Glacier.Park.Intl.AP.727790_TMY3,MT,USA,48.32,-114.25,,6A
726776,USA_MT_Lewistown.Muni.AP.726776_TMY3,MT,USA,47.05,-109.45,,6A
726776,USA_MT_Lewistown.Muni.AP.726776_TMY3,MT,USA,47.05,-109.45,,6A
726776,USA_MT_Lewistown.Muni.AP.726776_TMY3,MT,USA,47.05,-109.45,,6A
726798,USA_MT_Livingston-Mission.Field.726798_TMY3,MT,USA,45.7,-110.45,,5B
742300,USA_MT_Miles.City.742300_TMY2,MT,USA,46.43,-105.87,,6B
742300,USA_MT_Miles.City.742300_TMY2,MT,USA,46.43,-105.87,,6B
742300,USA_MT_Miles.City.742300_TMY2,MT,USA,46.43,-105.87,,6B
727730,USA_MT_Missoula.Intl.AP.727730_TMY3,MT,USA,46.92,-114.1,,6B
727730,USA_MT_Missoula.Intl.AP.727730_TMY3,MT,USA,46.92,-114.1,,6B
727730,USA_MT_Missoula.Intl.AP.727730_TMY3,MT,USA,46.92,-114.1,,6B
727687,USA_MT_Sidney-Richland.Muni.AP.727687_TMY3,MT,USA,47.7,-104.2,,7
727686,USA_MT_Wolf.Point.Intl.AP.727686_TMY3,MT,USA,48.31,-105.1,,6A
723150,USA_NC_Asheville.723150_TMY2,NC,USA,35.43,-82.53,,4A
723150,USA_NC_Asheville.723150_TMY2,NC,USA,35.43,-82.53,,4A
723150,USA_NC_Asheville.723150_TMY2,NC,USA,35.43,-82.53,,4A
723040,USA_NC_Cape.Hatteras.723040_TMY3,NC,USA,35.27,-75.55,,3A
723040,USA_NC_Cape.Hatteras.723040_TMY3,NC,USA,35.27,-75.55,,3A
723040,USA_NC_Cape.Hatteras.723040_TMY3,NC,USA,35.27,-75.55,,3A
723140,USA_NC_Charlotte.723140_TMY2,NC,USA,35.22,-80.93,,3A
723140,USA_NC_Charlotte.723140_TMY2,NC,USA,35.22,-80.93,,3A
723140,USA_NC_Charlotte.723140_TMY2,NC,USA,35.22,-80.93,,3A
723090,USA_NC_Cherry.Point.MCAS.723090_TMY3,NC,USA,34.9,-76.88,,3A
723090,USA_NC_Cherry.Point.MCAS.723090_TMY3,NC,USA,34.9,-76.88,,3A
746943,USA_NC_Elizabeth.City.CGAS.746943_TMY3,NC,USA,36.3,-76.25,,3A
723030,USA_NC_Fayetteville-Pope.AFB.723030_TMY3,NC,USA,35.17,-79.02,,3A
723035,USA_NC_Fayetteville.Muni.AP.723035_TMY3,NC,USA,34.98,-78.88,,3A
746930,USA_NC_Fort.Bragg-Simmons.AAF.746930_TMY3,NC,USA,35.13,-78.93,,3A
723066,USA_NC_Goldsboro-Seymour.Johnson.AFB.723066_TMY3,NC,USA,35.35,-77.97,,3A
723170,USA_NC_Greensboro-Piedmont.Triad.Intl.AP.723170_TMY3,NC,USA,36.1,-79.95,,4A
723170,USA_NC_Greensboro-Piedmont.Triad.Intl.AP.723170_TMY3,NC,USA,36.1,-79.95,,4A
723170,USA_NC_Greensboro-Piedmont.Triad.Intl.AP.723170_TMY3,NC,USA,36.1,-79.95,,4A
723145,USA_NC_Hickory.Rgnl.AP.723145_TMY3,NC,USA,35.73,-81.38,,3C
723069,USA_NC_Jacksonville.AWOS.723069_TMY3,NC,USA,34.83,-77.62,,3C
723067,USA_NC_Kinston.Stallings.AFB.723067_TMY3,NC,USA,35.32,-77.63,,3A
723046,USA_NC_Manteo-Dare.County.Rgnl.AP.723046_TMY3,NC,USA,35.92,-75.7,,3A
723095,USA_NC_New.Bern-Craven.County.Rgnl.AP.723095_TMY3,NC,USA,35.07,-77.05,,3A
723096,USA_NC_New.River.MCAS.723096_TMY3,NC,USA,34.7,-77.38,,3A
723065,USA_NC_Pitt.Greenville.AP.723065_TMY3,NC,USA,35.63,-77.4,,3A
723060,USA_NC_Raleigh-Durham.Intl.AP.723060_TMY3,NC,USA,35.87,-78.78,,3A
723060,USA_NC_Raleigh-Durham.Intl.AP.723060_TMY3,NC,USA,35.87,-78.78,,3A
723060,USA_NC_Raleigh-Durham.Intl.AP.723060_TMY3,NC,USA,35.87,-78.78,,3A
723068,USA_NC_Rocky.Mount-Wilson.AP.723068_TMY3,NC,USA,35.85,-77.9,,3A
723143,USA_NC_Southern.Pines-Moore.County.AP.723143_TMY3,NC,USA,35.23,-79.4,,3A
723013,USA_NC_Wilmington.Intl.AP.723013_TMY3,NC,USA,34.27,-77.9,,3A
723013,USA_NC_Wilmington.Intl.AP.723013_TMY3,NC,USA,34.27,-77.9,,3A
723193,USA_NC_Winston.Salem-Smith.Reynolds.AP.723193_TMY3,NC,USA,36.13,-80.22,,3C
727640,USA_ND_Bismarck.Muni.AP.727640_TMY3,ND,USA,46.77,-100.77,,6A
727640,USA_ND_Bismarck.Muni.AP.727640_TMY3,ND,USA,46.77,-100.77,,6A
727640,USA_ND_Bismarck.Muni.AP.727640_TMY3,ND,USA,46.77,-100.77,,6A
727573,USA_ND_Devils.Lake.AWOS.727573_TMY3,ND,USA,48.12,-98.92,,6A
727645,USA_ND_Dickinson.Muni.AP.727645_TMY3,ND,USA,46.8,-102.8,,6A
727530,USA_ND_Fargo.727530_TMY2,ND,USA,46.9,-96.8,,6A
727530,USA_ND_Fargo.727530_TMY2,ND,USA,46.9,-96.8,,6A
727530,USA_ND_Fargo.727530_TMY2,ND,USA,46.9,-96.8,,6A
727575,USA_ND_Grand.Forks.AFB.727575_TMY3,ND,USA,47.97,-97.4,,6A
727576,USA_ND_Grand.Forks.Intl.AP.727576_TMY3,ND,USA,47.95,-97.18,,7
727535,USA_ND_Jamestown.Muni.AP.727535_TMY3,ND,USA,46.92,-98.68,,7
727676,USA_ND_Minot.Intl.AP.727676_TMY,ND,USA,48.27,-101.28,,7
727675,USA_ND_Minot.AFB.727675_TMY3,ND,USA,48.42,-101.35,,6A
727676,USA_ND_Minot.Intl.AP.727676_TMY,ND,USA,48.27,-101.28,,7
727676,USA_ND_Minot.Intl.AP.727676_TMY,ND,USA,48.27,-101.28,,7
727670,USA_ND_Williston-Sloulin.Field.Intl.AP.727670_TMY3,ND,USA,48.2,-103.65,,6A
725556,USA_NE_Ainsworth.Muni.AP.725556_TMY3,NE,USA,42.58,-100,,5A
725635,USA_NE_Alliance.Muni.AP.725635_TMY3,NE,USA,42.05,-102.8,,5A
725515,USA_NE_Beatrice.Muni.AP.725515_TMY3,NE,USA,40.3,-96.75,,5A
725540,USA_NE_Bellevue-Offutt.AFB.725540_TMY3,NE,USA,41.12,-95.92,,5A
725555,USA_NE_Broken.Bow.Muni.AP.725555_TMY3,NE,USA,41.43,-99.65,,5A
725636,USA_NE_Chadron.Muni.AP.725636_TMY3,NE,USA,42.83,-103.08,,5B
725565,USA_NE_Columbus.Muni.AP.725565_TMY3,NE,USA,41.45,-97.33,,5A
725533,USA_NE_Falls.City-Brenner.Field.725533_TMY3,NE,USA,40.08,-95.6,,5A
725564,USA_NE_Fremont.Muni.AP.725564_TMY3,NE,USA,41.45,-96.52,,5A
725520,USA_NE_Grand.Island-Central.Nebraska.Rgnl.AP.725520_TMY3,NE,USA,40.97,-98.32,,5A
725520,USA_NE_Grand.Island-Central.Nebraska.Rgnl.AP.725520_TMY3,NE,USA,40.97,-98.32,,5A
725520,USA_NE_Grand.Island-Central.Nebraska.Rgnl.AP.725520_TMY3,NE,USA,40.97,-98.32,,5A
725525,USA_NE_Hastings.Muni.AP.725525_TMY3,NE,USA,40.6,-98.43,,5A
725628,USA_NE_Holdrege-Brewster.Field.725628_TMY3,NE,USA,40.45,-99.33,,5A
725626,USA_NE_Imperial.Muni.AP.725626_TMY3,NE,USA,40.52,-101.62,,5A
725526,USA_NE_Kearney.Muni.AWOS.725526_TMY3,NE,USA,40.73,-99,,5A
725510,USA_NE_Lincoln.Muni.AP.725510_TMY3,NE,USA,40.83,-96.77,,5A
725625,USA_NE_McCook.Muni.AP.725625_TMY3,NE,USA,40.2,-100.58,,5A
725560,USA_NE_Norfolk.725560_TMY2,NE,USA,41.98,-97.43,,5A
725560,USA_NE_Norfolk.725560_TMY2,NE,USA,41.98,-97.43,,5A
725620,USA_NE_North.Platte.Rgnl.AP.725620_TMY,NE,USA,41.13,-100.68,,5A
725620,USA_NE_North.Platte.Rgnl.AP.725620_TMY,NE,USA,41.13,-100.68,,5A
725620,USA_NE_North.Platte.Rgnl.AP.725620_TMY,NE,USA,41.13,-100.68,,5A
725566,USA_NE_ONeill-Baker.Field.725566_TMY3,NE,USA,42.47,-98.68,,6A
725500,USA_NE_Omaha-Eppley.Airfield.725500_TMY3,NE,USA,41.32,-95.9,,5A
725500,USA_NE_Omaha-Eppley.Airfield.725500_TMY3,NE,USA,41.32,-95.9,,5A
725500,USA_NE_Omaha-Eppley.Airfield.725500_TMY3,NE,USA,41.32,-95.9,,5A
725530,USA_NE_Omaha.WSFO.725530_TMY3,NE,USA,41.37,-96.02,,5A
725524,USA_NE_Ord-Sharp.Field.725524_TMY3,NE,USA,41.62,-98.95,,5A
725660,USA_NE_Scottsbluff.725660_TMY2,NE,USA,41.87,-103.6,,5B
725660,USA_NE_Scottsbluff.725660_TMY2,NE,USA,41.87,-103.6,,5B
725660,USA_NE_Scottsbluff.725660_TMY2,NE,USA,41.87,-103.6,,5B
725610,USA_NE_Sidney.Muni.AP.725610_TMY3,NE,USA,41.1,-102.98,,5B
725527,USA_NE_Tekamah.AWOS.725527_TMY3,NE,USA,41.77,-96.17,,5A
725670,USA_NE_Valentine-Miller.Field.725670_TMY3,NE,USA,42.87,-100.55,,5A
726160,USA_NH_Berlin.Muni.AP.726160_TMY3,NH,USA,44.58,-71.18,,6A
726050,USA_NH_Concord.Muni.AP.726050_TMY3,NH,USA,43.2,-71.5,,5A
726050,USA_NH_Concord.Muni.AP.726050_TMY3,NH,USA,43.2,-71.5,,5A
726050,USA_NH_Concord.Muni.AP.726050_TMY3,NH,USA,43.2,-71.5,,5A
726165,USA_NH_Keene-Dillant.Hopkins.AP.726165_TMY3,NH,USA,42.9,-72.27,,5A
726155,USA_NH_Laconia.Muni.AWOS.726155_TMY3,NH,USA,43.57,-71.42,,5A
726116,USA_NH_Lebanon.Muni.AP.726116_TMY3,NH,USA,43.63,-72.3,,5A
743945,USA_NH_Manchester.Muni.AP.743945_TMY3,NH,USA,42.93,-71.43,,5A
726130,USA_NH_Mount.Washington.726130_TMY3,NH,USA,44.27,-71.3,,8
726055,USA_NH_Pease.Intl.Tradeport.726055_TMY3,NH,USA,43.08,-70.82,,5A
724070,USA_NJ_Atlantic.City.724070_TMY2,NJ,USA,39.45,-74.57,,4A
724070,USA_NJ_Atlantic.City.724070_TMY2,NJ,USA,39.45,-74.57,,4A
724084,USA_NJ_Belmar-Monmouth.County.AP.724084_TMY3,NJ,USA,40.18,-74.07,,4A
724094,USA_NJ_Caldwell-Essex.County.AP.724094_TMY3,NJ,USA,40.88,-74.28,,4A
745966,USA_NJ_Cape.May.County.AP.745966_TMY3,NJ,USA,39,-74.92,,4A
724096,USA_NJ_McGuire.AFB.724096_TMY3,NJ,USA,40.02,-74.6,,4A
724096,USA_NJ_McGuire.AFB.724096_TMY3,NJ,USA,40.02,-74.6,,4A
724075,USA_NJ_Millville.Muni.AP.724075_TMY3,NJ,USA,39.37,-75.08,,4A
725020,USA_NJ_Newark.Intl.AP.725020_TMY3,NJ,USA,40.72,-74.18,,4A
725020,USA_NJ_Newark.Intl.AP.725020_TMY3,NJ,USA,40.72,-74.18,,4A
725020,USA_NJ_Newark.Intl.AP.725020_TMY3,NJ,USA,40.72,-74.18,,4A
725025,USA_NJ_Teterboro.AP.725025_TMY3,NJ,USA,40.85,-74.07,,4A
724095,USA_NJ_Trenton-Mercer.County.AP.724095_TMY3,NJ,USA,40.28,-74.82,,4A
723650,USA_NM_Albuquerque.Intl.AP.723650_TMY,NM,USA,35.05,-106.62,,4B
723650,USA_NM_Albuquerque.Intl.AP.723650_TMY,NM,USA,35.05,-106.62,,4B
723650,USA_NM_Albuquerque.Intl.AP.723650_TMY,NM,USA,35.05,-106.62,,4B
722687,USA_NM_Carlsbad.Cavern.City.Air.Terminal.722687_TMY3,NM,USA,32.33,-104.27,,3B
723600,USA_NM_Clayton.Muni.AP.723600_TMY3,NM,USA,36.45,-103.15,,4B
723600,USA_NM_Clayton.Muni.AP.723600_TMY3,NM,USA,36.45,-103.15,,4B
722686,USA_NM_Clovis-Cannon.AFB.722686_TMY3,NM,USA,34.38,-103.32,,4B
722689,USA_NM_Clovis.Muni.AWOS.722689_TMY3,NM,USA,34.43,-103.08,,4B
722725,USA_NM_Deming.Muni.AP.722725_TMY3,NM,USA,32.25,-107.72,,3B
723658,USA_NM_Farmington-Four.Corners.Rgnl.AP.723658_TMY3,NM,USA,36.75,-108.23,,4B
723627,USA_NM_Gallup-Sen.Clarke.Field.723627_TMY3,NM,USA,35.52,-108.78,,5B
747320,USA_NM_Holloman.AFB.747320_TMY3,NM,USA,32.85,-106.1,,3B
722695,USA_NM_Las.Cruces.Intl.AP.722695_TMY3,NM,USA,32.28,-106.92,,3B
723677,USA_NM_Las.Vegas-Muni.AP.723677_TMY3,NM,USA,35.65,-105.15,,4B
723654,USA_NM_Los.Alamos.723654_TMY2,NM,USA,35.88,-106.28,,5B
722680,USA_NM_Roswell.Industrial.Air.Park.722680_TMY,NM,USA,33.3,-104.53,,3B
722680,USA_NM_Roswell.Industrial.Air.Park.722680_TMY,NM,USA,33.3,-104.53,,3B
722683,USA_NM_Ruidoso-Sierra.Blanca.Rgnl.AP.722683_TMY3,NM,USA,33.47,-105.53,,4B
723656,USA_NM_Santa.Fe.County.Muni.AP.723656_TMY3,NM,USA,35.62,-106.08,,4B
723663,USA_NM_Taos.Muni.AP.723663_TMY3,NM,USA,36.45,-105.67,,5B
722710,USA_NM_Truth.or.Consequences.Muni.AP.722710_TMY3,NM,USA,33.23,-107.27,,3B
722710,USA_NM_Truth.or.Consequences.Muni.AP.722710_TMY3,NM,USA,33.23,-107.27,,3B
723676,USA_NM_Tucumcari.AP.723676_TMY3,NM,USA,35.18,-103.6,,4B
723676,USA_NM_Tucumcari.AP.723676_TMY3,NM,USA,35.18,-103.6,,4B
723676,USA_NM_Tucumcari.AP.723676_TMY3,NM,USA,35.18,-103.6,,4B
725825,USA_NV_Elko.Muni.AP.725825_TMY3,NV,USA,40.83,-115.8,,5B
725825,USA_NV_Elko.Muni.AP.725825_TMY3,NV,USA,40.83,-115.8,,5B
725825,USA_NV_Elko.Muni.AP.725825_TMY3,NV,USA,40.83,-115.8,,5B
724860,USA_NV_Ely-Yelland.Field.724860_TMY3,NV,USA,39.3,-114.85,,5B
724860,USA_NV_Ely-Yelland.Field.724860_TMY3,NV,USA,39.3,-114.85,,5B
724860,USA_NV_Ely-Yelland.Field.724860_TMY3,NV,USA,39.3,-114.85,,5B
724885,USA_NV_Fallon.NAS.724885_TMY3,NV,USA,39.42,-118.72,,4B
723860,USA_NV_Las.Vegas.723860_TMY2,NV,USA,36.08,-115.17,,2B
723860,USA_NV_Las.Vegas.723860_TMY2,NV,USA,36.08,-115.17,,2B
723860,USA_NV_Las.Vegas.723860_TMY2,NV,USA,36.08,-115.17,,2B
725805,USA_NV_Lovelock-Derby.Field.725805_TMY3,NV,USA,40.07,-118.55,,4B
725805,USA_NV_Lovelock-Derby.Field.725805_TMY3,NV,USA,40.07,-118.55,,4B
723870,USA_NV_Mercury-Desert.Rock.AP.723870_TMY3,NV,USA,36.63,-116.02,,3B
723865,USA_NV_Nellis.AFB.723865_TMY3,NV,USA,36.25,-115.03,,2B
724880,USA_NV_Reno-Tahoe.Intl.AP.724880_TMY,NV,USA,39.5,-119.78,,5B
724880,USA_NV_Reno-Tahoe.Intl.AP.724880_TMY,NV,USA,39.5,-119.78,,5B
724880,USA_NV_Reno-Tahoe.Intl.AP.724880_TMY,NV,USA,39.5,-119.78,,5B
724855,USA_NV_Tonopah.AP.724855_TMY,NV,USA,38.05,-117.08,,5B
724855,USA_NV_Tonopah.AP.724855_TMY,NV,USA,38.05,-117.08,,5B
724855,USA_NV_Tonopah.AP.724855_TMY,NV,USA,38.05,-117.08,,5B
725830,USA_NV_Winnemucca.Muni.AP.725830_TMY3,NV,USA,40.9,-117.8,,5B
725830,USA_NV_Winnemucca.Muni.AP.725830_TMY3,NV,USA,40.9,-117.8,,5B
725830,USA_NV_Winnemucca.Muni.AP.725830_TMY3,NV,USA,40.9,-117.8,,5B
723850,USA_NV_Yucca.Flats.723850_TMY,NV,USA,36.95,-116.05,,4B
725180,USA_NY_Albany.County.AP.725180_TMY3,NY,USA,42.75,-73.8,,5A
725180,USA_NY_Albany.County.AP.725180_TMY3,NY,USA,42.75,-73.8,,5A
725180,USA_NY_Albany.County.AP.725180_TMY3,NY,USA,42.75,-73.8,,5A
725150,USA_NY_Binghamton-Edwin.A.Link.Field.725150_TMY3,NY,USA,42.2,-75.98,,5A
725150,USA_NY_Binghamton-Edwin.A.Link.Field.725150_TMY3,NY,USA,42.2,-75.98,,5A
725150,USA_NY_Binghamton-Edwin.A.Link.Field.725150_TMY3,NY,USA,42.2,-75.98,,5A
725280,USA_NY_Buffalo-Greater.Buffalo.Intl.AP.725280_TMY3,NY,USA,42.93,-78.73,,5A
725280,USA_NY_Buffalo-Greater.Buffalo.Intl.AP.725280_TMY3,NY,USA,42.93,-78.73,,5A
725280,USA_NY_Buffalo-Greater.Buffalo.Intl.AP.725280_TMY3,NY,USA,42.93,-78.73,,5A
725156,USA_NY_Elmira.Rgnl.AP.725156_TMY3,NY,USA,42.17,-76.9,,5A
743700,USA_NY_Fort.Drum-Wheeler.Sack.AAF.743700_TMY3,NY,USA,44.05,-75.72,,6A
725185,USA_NY_Glens.Falls-Bennett.Mem.AP.725185_TMY3,NY,USA,43.35,-73.62,,5A
725035,USA_NY_Islip-Long.Island.MacArthur.AP.725035_TMY3,NY,USA,40.78,-73.1,,4A
725235,USA_NY_Jamestown.AWOS.725235_TMY3,NY,USA,42.15,-79.27,,5A
726223,USA_NY_Massena.AP.726223_TMY3,NY,USA,44.93,-74.85,,6A
726223,USA_NY_Massena.AP.726223_TMY3,NY,USA,44.93,-74.85,,6A
726223,USA_NY_Massena.AP.726223_TMY3,NY,USA,44.93,-74.85,,6A
725145,USA_NY_Monticello.AWOS.725145_TMY3,NY,USA,41.7,-74.8,,5A
725033,USA_NY_New.York-Central.Park.725033_TMY3,NY,USA,40.78,-73.97,,4A
744860,USA_NY_New.York.City-Central.Park.744860_TMY2,NY,USA,40.78,-73.97,,4A
725030,USA_NY_New.York-LaGuardia.AP.725030_TMY3,NY,USA,40.78,-73.88,,4A
725030,USA_NY_New.York-LaGuardia.AP.725030_TMY3,NY,USA,40.78,-73.88,,4A
744860,USA_NY_New.York.City-Central.Park.744860_TMY2,NY,USA,40.78,-73.97,,4A
094728,USA_NY_New.York.City-Central.Park.94728_TMY,NY,USA,40.78,-73.96,,4A
725038,USA_NY_Newburgh-Stewart.Intl.AP.725038_TMY3,NY,USA,41.5,-74.1,,5A
725287,USA_NY_Niagara.Falls.Intl.AP.725287_TMY3,NY,USA,43.1,-78.95,,5A
725036,USA_NY_Poughkeepsie-Dutchess.County.AP.725036_TMY3,NY,USA,41.63,-73.88,,5A
744864,USA_NY_Republic.AP.744864_TMY3,NY,USA,40.72,-73.42,,4A
725290,USA_NY_Rochester.725290_TMY2,NY,USA,43.12,-77.67,,5A
725290,USA_NY_Rochester.725290_TMY2,NY,USA,43.12,-77.67,,5A
725290,USA_NY_Rochester.725290_TMY2,NY,USA,43.12,-77.67,,5A
726228,USA_NY_Saranac.Lake-Adirondack.Rgnl.AP.726228_TMY3,NY,USA,44.38,-74.2,,6A
725190,USA_NY_Syracuse-Hancock.Intl.AP.725190_TMY3,NY,USA,43.12,-76.1,,5A
725190,USA_NY_Syracuse-Hancock.Intl.AP.725190_TMY3,NY,USA,43.12,-76.1,,5A
725190,USA_NY_Syracuse-Hancock.Intl.AP.725190_TMY3,NY,USA,43.12,-76.1,,5A
725197,USA_NY_Utica-Oneida.County.AP.725197_TMY3,NY,USA,43.15,-75.38,,5A
726227,USA_NY_Watertown.AP.726227_TMY3,NY,USA,44,-76.02,,5A
744865,USA_NY_Westhampton-Suffolk.County.AP.744865_TMY3,NY,USA,40.85,-72.63,,4A
725037,USA_NY_White.Plains-Westchester.County.AP.725037_TMY3,NY,USA,41.07,-73.72,,5A
725210,USA_OH_Akron.Canton.Rgnl.AP.725210_TMY,OH,USA,40.92,-81.43,,5A
725210,USA_OH_Akron.Canton.Rgnl.AP.725210_TMY,OH,USA,40.92,-81.43,,5A
725210,USA_OH_Akron.Canton.Rgnl.AP.725210_TMY,OH,USA,40.92,-81.43,,5A
724297,USA_OH_Cincinnati.Muni.AP-Lunken.Field.724297_TMY3,OH,USA,39.1,-84.42,,4A
725245,USA_OH_Cleveland-Burke.Lakefront.AP.725245_TMY3,OH,USA,41.52,-81.68,,5A
725240,USA_OH_Cleveland-Hopkins.Intl.AP.725240_TMY3,OH,USA,41.4,-81.85,,5A
725240,USA_OH_Cleveland-Hopkins.Intl.AP.725240_TMY3,OH,USA,41.4,-81.85,,5A
724280,USA_OH_Columbus.724280_TMY2,OH,USA,40,-82.88,,4A
724280,USA_OH_Columbus.724280_TMY2,OH,USA,40,-82.88,,4A
724280,USA_OH_Columbus.724280_TMY2,OH,USA,40,-82.88,,4A
745700,USA_OH_Dayton.745700_TMY2,OH,USA,39.9,-84.22,,5A
745700,USA_OH_Dayton.745700_TMY2,OH,USA,39.9,-84.22,,5A
745700,USA_OH_Dayton.745700_TMY2,OH,USA,39.9,-84.22,,5A
724290,USA_OH_Dayton.Intl.AP.724290_TMY3,OH,USA,39.9,-84.22,,5A
725366,USA_OH_Findlay.AP.725366_TMY3,OH,USA,41.02,-83.67,,4A
725246,USA_OH_Mansfield.725246_TMY2,OH,USA,40.82,-82.52,,5A
725246,USA_OH_Mansfield.725246_TMY2,OH,USA,40.82,-82.52,,5A
724288,USA_OH_Ohio.State.University.AP.724288_TMY3,OH,USA,40.07,-83.07,,4A
725360,USA_OH_Toledo.Express.AP.725360_TMY,OH,USA,41.6,-83.8,,5A
725360,USA_OH_Toledo.Express.AP.725360_TMY,OH,USA,41.6,-83.8,,5A
725360,USA_OH_Toledo.Express.AP.725360_TMY,OH,USA,41.6,-83.8,,5A
725250,USA_OH_Youngstown.Rgnl.AP.725250_TMY,OH,USA,41.27,-80.67,,5A
725250,USA_OH_Youngstown.Rgnl.AP.725250_TMY,OH,USA,41.27,-80.67,,5A
725250,USA_OH_Youngstown.Rgnl.AP.725250_TMY,OH,USA,41.27,-80.67,,5A
724286,USA_OH_Zanesville.Muni.AP.724286_TMY3,OH,USA,39.95,-81.9,,4A
723520,USA_OK_Altus.AFB.723520_TMY3,OK,USA,34.65,-99.27,,3B
723565,USA_OK_Bartlesville-Phillips.Field.723565_TMY3,OK,USA,36.77,-96.02,,4C
723526,USA_OK_Clinton.Sherman.AP.723526_TMY3,OK,USA,35.33,-99.2,,4C
723550,USA_OK_Fort.Sill-Henry.Post.AAF.723550_TMY3,OK,USA,34.65,-98.4,,3B
723527,USA_OK_Gage.AP.723527_TMY3,OK,USA,36.3,-99.77,,4C
723525,USA_OK_Hobart.Muni.AP.723525_TMY3,OK,USA,35,-99.05,,3B
723575,USA_OK_Lawton.Muni.AP.723575_TMY3,OK,USA,34.57,-98.42,,3A
723566,USA_OK_McAlester.Rgnl.AP.723566_TMY3,OK,USA,34.9,-95.78,,3A
723540,USA_OK_Oklahoma.City-Tinker.AFB.723540_TMY3,OK,USA,35.42,-97.38,,4C
723544,USA_OK_Oklahoma.City-Wiley.Post.Field.723544_TMY3,OK,USA,35.53,-97.65,,4C
723530,USA_OK_Oklahoma.City-Will.Rogers.World.AP.723530_TMY,OK,USA,35.4,-97.6,,4C
723530,USA_OK_Oklahoma.City-Will.Rogers.World.AP.723530_TMY,OK,USA,35.4,-97.6,,4C
723530,USA_OK_Oklahoma.City-Will.Rogers.World.AP.723530_TMY,OK,USA,35.4,-97.6,,4C
723546,USA_OK_Ponca.City.Muni.AP.723546_TMY3,OK,USA,36.61,-97.49,,3B
723545,USA_OK_Stillwater.Rgnl.AP.723545_TMY3,OK,USA,36.15,-97.08,,4C
723560,USA_OK_Tulsa.Intl.AP.723560_TMY3,OK,USA,36.2,-95.88,,4C
723560,USA_OK_Tulsa.Intl.AP.723560_TMY3,OK,USA,36.2,-95.88,,4C
723560,USA_OK_Tulsa.Intl.AP.723560_TMY3,OK,USA,36.2,-95.88,,4C
723535,USA_OK_Vance.AFB.723535_TMY3,OK,USA,36.33,-97.92,,4C
727910,USA_OR_Astoria.Rgnl.AP.727910_TMY3,OR,USA,46.15,-123.88,,4A
727910,USA_OR_Astoria.Rgnl.AP.727910_TMY3,OR,USA,46.15,-123.88,,4A
727910,USA_OR_Astoria.Rgnl.AP.727910_TMY3,OR,USA,46.15,-123.88,,4A
726959,USA_OR_Aurora.State.AP.726959_TMY3,OR,USA,45.25,-122.77,,4A
726886,USA_OR_Baker.Muni.AP.726886_TMY3,OR,USA,44.83,-117.82,,5A
726830,USA_OR_Burns.Muni.AP.726830_TMY3,OR,USA,43.52,-119.02,,5B
726830,USA_OR_Burns.Muni.AP.726830_TMY3,OR,USA,43.52,-119.02,,5B
726945,USA_OR_Corvallis.Muni.AP.726945_TMY3,OR,USA,44.48,-123.28,,4A
726930,USA_OR_Eugene.726930_TMY2,OR,USA,44.12,-123.22,,4A
726930,USA_OR_Eugene.726930_TMY2,OR,USA,44.12,-123.22,,4A
725895,USA_OR_Klamath.Falls.Intl.AP.725895_TMY3,OR,USA,42.22,-121.74,,5B
726884,USA_OR_La.Grande.Muni.AP.726884_TMY3,OR,USA,45.28,-118,,5B
725976,USA_OR_Lakeview.AWOS.725976_TMY3,OR,USA,42.17,-120.4,,5B
725970,USA_OR_Medford-Rogue.Valley.Intl.AP.725970_TMY,OR,USA,42.37,-122.87,,4A
725970,USA_OR_Medford-Rogue.Valley.Intl.AP.725970_TMY,OR,USA,42.37,-122.87,,4A
725970,USA_OR_Medford-Rogue.Valley.Intl.AP.725970_TMY,OR,USA,42.37,-122.87,,4A
726917,USA_OR_North.Bend.726917_TMY2,OR,USA,43.42,-124.25,,4A
726917,USA_OR_North.Bend.726917_TMY2,OR,USA,43.42,-124.25,,4A
726917,USA_OR_North.Bend.726917_TMY2,OR,USA,43.42,-124.25,,4A
726880,USA_OR_Pendleton.726880_TMY2,OR,USA,45.68,-118.85,,4B
726880,USA_OR_Pendleton.726880_TMY2,OR,USA,45.68,-118.85,,4B
726986,USA_OR_Portland-Hillsboro.AP.726986_TMY3,OR,USA,45.53,-122.95,,4A
726985,USA_OR_Portland-Troutdale.AP.726985_TMY3,OR,USA,45.55,-122.4,,4A
726980,USA_OR_Portland.Intl.AP.726980_TMY3,OR,USA,45.6,-122.62,,4A
726980,USA_OR_Portland.Intl.AP.726980_TMY3,OR,USA,45.6,-122.62,,4A
726980,USA_OR_Portland.Intl.AP.726980_TMY3,OR,USA,45.6,-122.62,,4A
726835,USA_OR_Redmond-Roberts.Field.726835_TMY,OR,USA,44.25,-121.15,,5B
726835,USA_OR_Redmond-Roberts.Field.726835_TMY,OR,USA,44.25,-121.15,,5B
726835,USA_OR_Redmond-Roberts.Field.726835_TMY,OR,USA,44.25,-121.15,,5B
726904,USA_OR_Roseburg.Rgnl.AP.726904_TMY3,OR,USA,43.23,-123.35,,4A
726940,USA_OR_Salem.726940_TMY2,OR,USA,44.92,-123.02,,4A
726940,USA_OR_Salem.726940_TMY2,OR,USA,44.92,-123.02,,4A
726940,USA_OR_Salem.726940_TMY2,OR,USA,44.92,-123.02,,4A
725975,USA_OR_Sexton.Summit.725975_TMY3,OR,USA,42.6,-123.37,,5C
725170,USA_PA_Allentown-Lehigh.Valley.Intl.AP.725170_TMY,PA,USA,40.65,-75.43,,5A
725170,USA_PA_Allentown-Lehigh.Valley.Intl.AP.725170_TMY,PA,USA,40.65,-75.43,,5A
725170,USA_PA_Allentown-Lehigh.Valley.Intl.AP.725170_TMY,PA,USA,40.65,-75.43,,5A
725126,USA_PA_Altoona-Blair.County.AP.725126_TMY3,PA,USA,40.3,-78.32,,5A
725266,USA_PA_Bradford.Rgnl.AP.725266_TMY3,PA,USA,41.8,-78.63,,6A
725266,USA_PA_Bradford.Rgnl.AP.725266_TMY3,PA,USA,41.8,-78.63,,6A
725124,USA_PA_Butler.County.AWOS.725124_TMY3,PA,USA,40.78,-79.95,,5A
725125,USA_PA_DuBois-Jefferson.County.AP.725125_TMY3,PA,USA,41.18,-78.9,,5A
725260,USA_PA_Erie.Intl.AP.725260_TMY3,PA,USA,42.08,-80.18,,5A
725260,USA_PA_Erie.Intl.AP.725260_TMY3,PA,USA,42.08,-80.18,,5A
725260,USA_PA_Erie.Intl.AP.725260_TMY3,PA,USA,42.08,-80.18,,5A
725267,USA_PA_Franklin-Chess.Lemberton.AP.725267_TMY3,PA,USA,41.38,-79.87,,5A
725118,USA_PA_Harrisburg-Capital.City.AP.725118_TMY,PA,USA,40.2,-76.77,,4A
725118,USA_PA_Harrisburg-Capital.City.AP.725118_TMY,PA,USA,40.2,-76.77,,4A
725115,USA_PA_Harrisburg.Intl.AP.725115_TMY3,PA,USA,40.2,-76.77,,5A
725115,USA_PA_Harrisburg.Intl.AP.725115_TMY3,PA,USA,40.2,-76.77,,5A
725127,USA_PA_Johnstown-Cambria.County.AP.725127_TMY3,PA,USA,40.32,-78.83,,5A
725116,USA_PA_Lancaster.AP.725116_TMY3,PA,USA,40.12,-76.3,,4A
724085,USA_PA_Philadelphia-NE.Philadelphia.AP.724085_TMY3,PA,USA,40.08,-75.02,,4A
724086,USA_PA_Willow.Grove.NAS.724086_TMY3,PA,USA,40.2,-75.15,,4A
724080,USA_PA_Philadelphia.Intl.AP.724080_TMY3,PA,USA,39.87,-75.23,,4A
724080,USA_PA_Philadelphia.Intl.AP.724080_TMY3,PA,USA,39.87,-75.23,,4A
725205,USA_PA_Pittsburgh-Allegheny.County.AP.725205_TMY3,PA,USA,40.35,-79.92,,4A
725200,USA_PA_Pittsburgh.Intl.AP.725200_TMY3,PA,USA,40.5,-80.23,,5A
725200,USA_PA_Pittsburgh.Intl.AP.725200_TMY3,PA,USA,40.5,-80.23,,5A
725200,USA_PA_Pittsburgh.Intl.AP.725200_TMY3,PA,USA,40.5,-80.23,,5A
725103,USA_PA_Reading.Mem.AP-Spaatz.Field.725103_TMY3,PA,USA,40.37,-75.97,,4A
725128,USA_PA_State.College-Penn.State.University.725128_TMY3,PA,USA,40.72,-77.93,,5A
725117,USA_PA_Washington.AWOS.725117_TMY3,PA,USA,40.13,-80.28,,5C
725130,USA_PA_Wilkes.Barre-Scranton.725130_TMY2,PA,USA,41.33,-75.73,,5A
725130,USA_PA_Wilkes.Barre-Scranton.725130_TMY2,PA,USA,41.33,-75.73,,5A
725130,USA_PA_Wilkes.Barre-Scranton.725130_TMY2,PA,USA,41.33,-75.73,,5A
725140,USA_PA_Williamsport.Rgnl.AP.725140_TMY3,PA,USA,41.25,-76.92,,5A
725140,USA_PA_Williamsport.Rgnl.AP.725140_TMY3,PA,USA,41.25,-76.92,,5A
724086,USA_PA_Willow.Grove.NAS.724086_TMY3,PA,USA,40.2,-75.15,,4A
725058,USA_RI_Block.Island.State.AP.725058_TMY3,RI,USA,41.17,-71.58,,4A
725054,USA_RI_Pawtucket.AWOS.725054_TMY3,RI,USA,41.92,-71.5,,5A
725070,USA_RI_Providence-T.F.Green.State.AP.725070_TMY3,RI,USA,41.72,-71.43,,5A
725070,USA_RI_Providence-T.F.Green.State.AP.725070_TMY3,RI,USA,41.72,-71.43,,5A
725070,USA_RI_Providence-T.F.Green.State.AP.725070_TMY3,RI,USA,41.72,-71.43,,5A
723125,USA_SC_Anderson.County.AP.723125_TMY3,SC,USA,34.5,-82.72,,3A
722085,USA_SC_Beaufort.MCAS.722085_TMY3,SC,USA,32.48,-80.72,,3A
722080,USA_SC_Charleston.Intl.AP.722080_TMY3,SC,USA,32.9,-80.03,,3A
722080,USA_SC_Charleston.Intl.AP.722080_TMY3,SC,USA,32.9,-80.03,,3A
722080,USA_SC_Charleston.Intl.AP.722080_TMY3,SC,USA,32.9,-80.03,,3A
723100,USA_SC_Columbia.Metro.AP.723100_TMY3,SC,USA,33.95,-81.12,,3A
723100,USA_SC_Columbia.Metro.AP.723100_TMY3,SC,USA,33.95,-81.12,,3A
723100,USA_SC_Columbia.Metro.AP.723100_TMY3,SC,USA,33.95,-81.12,,3A
723106,USA_SC_Florence.Rgnl.AP.723106_TMY3,SC,USA,34.18,-79.73,,3A
723119,USA_SC_Greenville-Downtown.AP.723119_TMY3,SC,USA,34.85,-82.35,,3C
723120,USA_SC_Greer.Greenville-Spartanburg.AP.723120_TMY,SC,USA,34.9,-82.22,,3C
723120,USA_SC_Greer.Greenville-Spartanburg.AP.723120_TMY,SC,USA,34.9,-82.22,,3C
723120,USA_SC_Greer.Greenville-Spartanburg.AP.723120_TMY,SC,USA,34.9,-82.22,,3C
747910,USA_SC_Myrtle.Beach.AFB.747910_TMY3,SC,USA,33.68,-78.93,,3A
747915,USA_SC_North.Myrtle.Beach-Grand.Strand.Field.747915_TMY3,SC,USA,33.82,-78.72,,3A
747900,USA_SC_Shaw.AFB.747900_TMY3,SC,USA,33.97,-80.47,,3A
726590,USA_SD_Aberdeen.Rgnl.AP.726590_TMY3,SD,USA,45.45,-98.42,,6A
726515,USA_SD_Brookings.AWOS.726515_TMY3,SD,USA,44.3,-96.82,,6A
726625,USA_SD_Ellsworth.AFB.726625_TMY3,SD,USA,44.15,-103.1,,6A
726540,USA_SD_Huron.Rgnl.AP.726540_TMY,SD,USA,44.38,-98.22,,6A
726540,USA_SD_Huron.Rgnl.AP.726540_TMY,SD,USA,44.38,-98.22,,6A
726540,USA_SD_Huron.Rgnl.AP.726540_TMY,SD,USA,44.38,-98.22,,6A
726545,USA_SD_Mitchell.AWOS.726545_TMY3,SD,USA,43.77,-98.03,,6A
726685,USA_SD_Mobridge.Muni.AP.726685_TMY3,SD,USA,45.53,-100.43,,6A
726686,USA_SD_Pierre.Muni.AP.726686_TMY,SD,USA,44.38,-100.28,,6A
726686,USA_SD_Pierre.Muni.AP.726686_TMY,SD,USA,44.38,-100.28,,6A
726686,USA_SD_Pierre.Muni.AP.726686_TMY,SD,USA,44.38,-100.28,,6A
726620,USA_SD_Rapid.City.Rgnl.AP.726620_TMY3,SD,USA,44.05,-103.05,,5A
726620,USA_SD_Rapid.City.Rgnl.AP.726620_TMY3,SD,USA,44.05,-103.05,,5A
726620,USA_SD_Rapid.City.Rgnl.AP.726620_TMY3,SD,USA,44.05,-103.05,,5A
726510,USA_SD_Sioux.Falls-Foss.Field.726510_TMY,SD,USA,43.58,-96.73,,6A
726510,USA_SD_Sioux.Falls-Foss.Field.726510_TMY,SD,USA,43.58,-96.73,,6A
726510,USA_SD_Sioux.Falls-Foss.Field.726510_TMY,SD,USA,43.58,-96.73,,6A
726546,USA_SD_Watertown.Muni.AP.726546_TMY3,SD,USA,44.93,-97.15,,6A
726525,USA_SD_Yankton-Chan.Gurney.Muni.AP.726525_TMY3,SD,USA,42.92,-97.38,,5A
723183,USA_TN_Bristol.723183_TMY2,TN,USA,36.48,-82.4,,4A
723183,USA_TN_Bristol.723183_TMY2,TN,USA,36.48,-82.4,,4A
723240,USA_TN_Chattanooga.723240_TMY2,TN,USA,35.03,-85.2,,3A
723240,USA_TN_Chattanooga.723240_TMY2,TN,USA,35.03,-85.2,,3A
723240,USA_TN_Chattanooga.723240_TMY2,TN,USA,35.03,-85.2,,3A
723265,USA_TN_Crossville.Mem.AP.723265_TMY3,TN,USA,35.95,-85.08,,4A
723347,USA_TN_Dyersburg.Muni.AP.723347_TMY3,TN,USA,36.02,-89.4,,3A
723346,USA_TN_Jackson-McKellar.Sipes.Rgnl.AP.723346_TMY3,TN,USA,35.6,-88.92,,3A
723260,USA_TN_Knoxville-McGhee.Tyson.AP.723260_TMY3,TN,USA,35.82,-83.98,,4A
723260,USA_TN_Knoxville-McGhee.Tyson.AP.723260_TMY3,TN,USA,35.82,-83.98,,4A
723260,USA_TN_Knoxville-McGhee.Tyson.AP.723260_TMY3,TN,USA,35.82,-83.98,,4A
723340,USA_TN_Memphis.Intl.AP.723340_TMY3,TN,USA,35.07,-89.98,,3A
723340,USA_TN_Memphis.Intl.AP.723340_TMY3,TN,USA,35.07,-89.98,,3A
723340,USA_TN_Memphis.Intl.AP.723340_TMY3,TN,USA,35.07,-89.98,,3A
723270,USA_TN_Nashville.723270_TMY2,TN,USA,36.12,-86.68,,4C
723270,USA_TN_Nashville.723270_TMY2,TN,USA,36.12,-86.68,,4C
723270,USA_TN_Nashville.723270_TMY2,TN,USA,36.12,-86.68,,4C
690190,USA_TX_Abilene-Dyess.AFB.690190_TMY3,TX,USA,32.43,-99.85,,2B
722660,USA_TX_Abilene.722660_TMY2,TX,USA,32.43,-99.68,,3B
722660,USA_TX_Abilene.722660_TMY2,TX,USA,32.43,-99.68,,3B
722660,USA_TX_Abilene.722660_TMY2,TX,USA,32.43,-99.68,,3B
722517,USA_TX_Alice.Intl.AP.722517_TMY3,TX,USA,27.73,-98.03,,2B
723630,USA_TX_Amarillo.723630_TMY2,TX,USA,35.23,-101.7,,4A
723630,USA_TX_Amarillo.723630_TMY2,TX,USA,35.23,-101.7,,4A
723630,USA_TX_Amarillo.723630_TMY2,TX,USA,35.23,-101.7,,4A
722544,USA_TX_Austin-Camp.Mabry.722544_TMY3,TX,USA,30.32,-97.77,,2A
722540,USA_TX_Austin.722540_TMY2,TX,USA,30.3,-97.7,,2A
722540,USA_TX_Austin.722540_TMY2,TX,USA,30.3,-97.7,,2A
722540,USA_TX_Austin.722540_TMY2,TX,USA,30.3,-97.7,,2A
722410,USA_TX_Port.Arthur-Jefferson.Co.AP.722410_TMY,TX,USA,29.95,-94.02,,2A
722500,USA_TX_Brownsville-South.Padre.Island.AP.722500_TMY3,TX,USA,25.9,-97.43,,2A
722500,USA_TX_Brownsville-South.Padre.Island.AP.722500_TMY3,TX,USA,25.9,-97.43,,2A
722500,USA_TX_Brownsville-South.Padre.Island.AP.722500_TMY3,TX,USA,25.9,-97.43,,2A
723604,USA_TX_Childress.Muni.AP.723604_TMY3,TX,USA,34.43,-100.28,,3A
722445,USA_TX_College.Station-Easterwood.Field.722445_TMY3,TX,USA,30.58,-96.37,,2A
722510,USA_TX_Corpus.Christi.Intl.AP.722510_TMY,TX,USA,27.77,-97.5,,2A
722510,USA_TX_Corpus.Christi.Intl.AP.722510_TMY,TX,USA,27.77,-97.5,,2A
722510,USA_TX_Corpus.Christi.Intl.AP.722510_TMY,TX,USA,27.77,-97.5,,2A
722515,USA_TX_Corpus.Christi.NAS.722515_TMY3,TX,USA,27.68,-97.28,,2A
722526,USA_TX_Cotulla.AP.722526_TMY3,TX,USA,28.45,-99.22,,2B
722587,USA_TX_Cox.Field.722587_TMY3,TX,USA,33.63,-95.45,,3A
722636,USA_TX_Dalhart.Muni.AP.722636_TMY3,TX,USA,36.02,-102.55,,4A
722598,USA_TX_Dallas-Addison.AP.722598_TMY3,TX,USA,32.97,-96.83,,2B
722590,USA_TX_Dallas-Fort.Worth.Intl.AP.722590_TMY3,TX,USA,32.9,-97.02,,2B
722583,USA_TX_Dallas-Love.Field.722583_TMY3,TX,USA,32.85,-96.85,,2B
722599,USA_TX_Dallas-Redbird.AP.722599_TMY3,TX,USA,32.68,-96.87,,2B
722615,USA_TX_Del.Rio-Laughlin.AFB.722615_TMY3,TX,USA,29.37,-100.78,,2B
722610,USA_TX_Del.Rio.722610_TMY,TX,USA,29.36,-100.78,,2B
722610,USA_TX_Del.Rio.722610_TMY,TX,USA,29.36,-100.78,,2B
722577,USA_TX_Draughon-Miller.Central.Texas.AP.722577_TMY3,TX,USA,31.15,-97.4,,2B
722700,USA_TX_El.Paso.Intl.AP.722700_TMY3,TX,USA,31.77,-106.5,,3B
722700,USA_TX_El.Paso.Intl.AP.722700_TMY3,TX,USA,31.77,-106.5,,3B
722700,USA_TX_El.Paso.Intl.AP.722700_TMY3,TX,USA,31.77,-106.5,,3B
722570,USA_TX_Fort.Hood.722570_TMY3,TX,USA,31.13,-97.72,,2B
722594,USA_TX_Fort.Worth-Alliance.AP.722594_TMY3,TX,USA,32.98,-97.32,,3A
722596,USA_TX_Fort.Worth.722596_TMY2,TX,USA,32.83,-97.05,,3A
722600,USA_TX_Fort.Worth-Stephenville-Clark.Field.722600_TMY,TX,USA,32.82,-97.37,,3B
722596,USA_TX_Fort.Worth.722596_TMY2,TX,USA,32.83,-97.05,,3A
722595,USA_TX_Fort.Worth.NAS.722595_TMY3,TX,USA,32.77,-97.45,,2B
722420,USA_TX_Galveston.722420_TMY3,TX,USA,29.3,-94.8,,2A
722547,USA_TX_Georgetown.AWOS.722547_TMY3,TX,USA,30.68,-97.68,,2B
722588,USA_TX_Greenville.Muni.AP.722588_TMY3,TX,USA,33.07,-96.07,,3A
722505,USA_TX_Harlingen-Valley.Intl.AP.722505_TMY3,TX,USA,26.23,-97.65,,2A
722533,USA_TX_Hondo.Muni.AP.722533_TMY3,TX,USA,29.37,-99.17,,2A
722430,USA_TX_Houston-Intercontinental.722430_TMY2,TX,USA,29.98,-95.37,,2A
722430,USA_TX_Houston-Intercontinental.722430_TMY2,TX,USA,29.98,-95.37,,2A
722429,USA_TX_Houston-D.W.Hooks.AP.722429_TMY3,TX,USA,30.07,-95.55,,2A
722436,USA_TX_Houston-Ellington.AFB.722436_TMY3,TX,USA,29.57,-95.09,,2A
722430,USA_TX_Houston-Intercontinental.722430_TMY2,TX,USA,29.98,-95.37,,2A
722435,USA_TX_Houston-William.P.Hobby.AP.722435_TMY3,TX,USA,29.65,-95.28,,2A
722576,USA_TX_Killeen-Fort.Hood.Rgnl.AP.722576_TMY3,TX,USA,31.07,-97.83,,2B
722575,USA_TX_Killeen.Muni.AWOS.722575_TMY3,TX,USA,31.08,-97.68,,2B
722516,USA_TX_Kingsville.722516_TMY,TX,USA,27.5,-97.82,,2A
722516,USA_TX_Kingsville.722516_TMY,TX,USA,27.5,-97.82,,2A
722520,USA_TX_Laredo.Intl.AP.722520_TMY3,TX,USA,27.57,-99.49,,2B
722520,USA_TX_Laredo.Intl.AP.722520_TMY3,TX,USA,27.57,-99.49,,2B
722470,USA_TX_Longview-Gregg.County.AP.722470_TMY3,TX,USA,32.29,-94.98,,3A
722670,USA_TX_Lubbock.Intl.AP.722670_TMY3,TX,USA,33.67,-101.82,,3A
722670,USA_TX_Lubbock.Intl.AP.722670_TMY3,TX,USA,33.67,-101.82,,3A
722670,USA_TX_Lubbock.Intl.AP.722670_TMY3,TX,USA,33.67,-101.82,,3A
722446,USA_TX_Lufkin.722446_TMY2,TX,USA,31.23,-94.75,,3A
722446,USA_TX_Lufkin.722446_TMY2,TX,USA,31.23,-94.75,,3A
722446,USA_TX_Lufkin.722446_TMY2,TX,USA,31.23,-94.75,,3A
722640,USA_TX_Marfa.AP.722640_TMY3,TX,USA,30.37,-104.02,,3C
722506,USA_TX_McAllen-Miller.Intl.AP.722506_TMY3,TX,USA,26.31,-98.17,,2B
722563,USA_TX_McGregor.AWOS.722563_TMY3,TX,USA,31.48,-97.32,,2B
722650,USA_TX_Midland.Intl.AP.722650_TMY3,TX,USA,31.95,-102.18,,3B
722650,USA_TX_Midland.Intl.AP.722650_TMY3,TX,USA,31.95,-102.18,,3B
722650,USA_TX_Midland.Intl.AP.722650_TMY3,TX,USA,31.95,-102.18,,3B
722597,USA_TX_Mineral.Wells.Muni.AP.722597_TMY3,TX,USA,32.78,-98.07,,3B
722499,USA_TX_Nacogdoches.AWOS.722499_TMY3,TX,USA,31.58,-94.72,,3A
722555,USA_TX_Palacios.Muni.AP.722555_TMY3,TX,USA,28.72,-96.25,,2A
722410,USA_TX_Port.Arthur-Jefferson.Co.AP.722410_TMY,TX,USA,29.95,-94.02,,2A
722410,USA_TX_Port.Arthur-Jefferson.Co.AP.722410_TMY,TX,USA,29.95,-94.02,,2A
722536,USA_TX_San.Antonio.722536_TMY2,TX,USA,29.53,-98.47,,2A
722524,USA_TX_Rockport-Aransas.Co.AP.722524_TMY3,TX,USA,28.08,-97.05,,2A
722630,USA_TX_San.Angelo.722630_TMY2,TX,USA,31.37,-100.5,,3B
722630,USA_TX_San.Angelo.722630_TMY2,TX,USA,31.37,-100.5,,3B
722630,USA_TX_San.Angelo.722630_TMY2,TX,USA,31.37,-100.5,,3B
722535,USA_TX_San.Antonio-Kelly.AFB.722535_TMY3,TX,USA,29.38,-98.58,,2B
722523,USA_TX_San.Antonio-Stinson.AP.722523_TMY3,TX,USA,29.33,-98.47,,2B
722536,USA_TX_San.Antonio.722536_TMY2,TX,USA,29.53,-98.47,,2A
722530,USA_TX_San.Antonio.Intl.AP.722530_TMY,TX,USA,29.53,-98.28,,2B
722530,USA_TX_San.Antonio.Intl.AP.722530_TMY,TX,USA,29.53,-98.28,,2B
722541,USA_TX_Sherman-Perrin.AFB.722541_TMY,TX,USA,33.72,-96.67,,3A
722448,USA_TX_Tyler-Pounds.Field.722448_TMY3,TX,USA,32.35,-95.4,,3A
722550,USA_TX_Victoria.Rgnl.AP.722550_TMY3,TX,USA,28.87,-96.93,,2A
722550,USA_TX_Victoria.Rgnl.AP.722550_TMY3,TX,USA,28.87,-96.93,,2A
722560,USA_TX_Waco.Rgnl.AP.722560_TMY3,TX,USA,31.62,-97.23,,2B
722560,USA_TX_Waco.Rgnl.AP.722560_TMY3,TX,USA,31.62,-97.23,,2B
722560,USA_TX_Waco.Rgnl.AP.722560_TMY3,TX,USA,31.62,-97.23,,2B
723510,USA_TX_Wichita.Falls.Muni.AP.723510_TMY3,TX,USA,33.98,-98.5,,3B
723510,USA_TX_Wichita.Falls.Muni.AP.723510_TMY3,TX,USA,33.98,-98.5,,3B
723510,USA_TX_Wichita.Falls.Muni.AP.723510_TMY3,TX,USA,33.98,-98.5,,3B
722656,USA_TX_Wink-Winkler.County.AP.722656_TMY3,TX,USA,31.78,-103.2,,2B
724723,USA_UT_Blanding.Muni.AP.724723_TMY3,UT,USA,37.62,-109.48,,5B
724756,USA_UT_Bryce.Canyon.AP.724756_TMY3,UT,USA,37.7,-112.15,,6B
724756,USA_UT_Bryce.Canyon.AP.724756_TMY3,UT,USA,37.7,-112.15,,6B
724755,USA_UT_Cedar.City.Muni.AP.724755_TMY3,UT,USA,37.7,-113.1,,5B
724755,USA_UT_Cedar.City.Muni.AP.724755_TMY3,UT,USA,37.7,-113.1,,5B
724755,USA_UT_Cedar.City.Muni.AP.724755_TMY3,UT,USA,37.7,-113.1,,5B
724795,USA_UT_Delta.Muni.AP.724795_TMY3,UT,USA,39.33,-112.58,,5B
724735,USA_UT_Hanksville.AP.724735_TMY3,UT,USA,38.37,-110.72,,4B
724776,USA_UT_Moab-Canyonlands.Field.724776_TMY3,UT,USA,38.58,-109.54,,4B
725755,USA_UT_Ogden-Hill.AFB.725755_TMY3,UT,USA,41.12,-111.97,,5B
725750,USA_UT_Ogden-Hinkley.AP.725750_TMY3,UT,USA,41.2,-112.02,,5B
725724,USA_UT_Provo.Muni.AWOS.725724_TMY3,UT,USA,40.22,-111.72,,5B
724754,USA_UT_Saint.George.AWOS.724754_TMY3,UT,USA,37.08,-113.6,,3B
725720,USA_UT_Salt.Lake.City.Intl.AP.725720_TMY,UT,USA,40.78,-111.97,,5B
725720,USA_UT_Salt.Lake.City.Intl.AP.725720_TMY,UT,USA,40.78,-111.97,,5B
725720,USA_UT_Salt.Lake.City.Intl.AP.725720_TMY,UT,USA,40.78,-111.97,,5B
725705,USA_UT_Vernal.AP.725705_TMY3,UT,USA,40.43,-109.52,,5B
725810,USA_UT_Wendover.USAF.Auxiliary.Field.725810_TMY3,UT,USA,40.72,-114.03,,5B
724058,USA_VA_Abingdon-Virgina.Highlands.AP.724058_TMY3,VA,USA,36.68,-82.03,,4A
724050,USA_VA_Arlington-Ronald.Reagan.Washington.Natl.AP.724050_TMY3,VA,USA,38.87,-77.03,,4A
724113,USA_VA_Blacksburg-Virginia.Tech.AP.724113_TMY3,VA,USA,37.22,-80.42,,4A
724016,USA_VA_Charlottesville-Albemarle.County.AP.724016_TMY3,VA,USA,38.13,-78.45,,3C
724106,USA_VA_Danville.Rgnl.AP.724106_TMY3,VA,USA,36.57,-79.33,,3A
724037,USA_VA_Davison.AAF.724037_TMY3,VA,USA,38.72,-77.18,,4A
724017,USA_VA_Farmville.Muni.AP.724017_TMY3,VA,USA,37.35,-78.43,,4A
723083,USA_VA_Franklin.Muni.AP.723083_TMY3,VA,USA,36.7,-76.9,,3A
724033,USA_VA_Fredericksburg-Shannon.AP.724033_TMY3,VA,USA,38.27,-77.45,,4A
724107,USA_VA_Hillsville-Twin.County.AP.724107_TMY3,VA,USA,36.77,-80.82,,4A
724115,USA_VA_Hot.Springs-Ingalls.Field.724115_TMY3,VA,USA,37.95,-79.83,,5A
745980,USA_VA_Langley.AFB.745980_TMY3,VA,USA,37.08,-76.35,,4A
724055,USA_VA_Leesburg.Muni.AP-Godfrey.Field.724055_TMY3,VA,USA,39.08,-77.57,,4A
724100,USA_VA_Lynchburg.Rgnl.AP-Preston.Glen.Field.724100_TMY3,VA,USA,37.33,-79.2,,4A
724100,USA_VA_Lynchburg.Rgnl.AP-Preston.Glen.Field.724100_TMY3,VA,USA,37.33,-79.2,,4A
724036,USA_VA_Manassas.Muni.AWOS.724036_TMY3,VA,USA,38.72,-77.52,,4A
724056,USA_VA_Marion-Wytheville-Mountain.Empire.AP.724056_TMY3,VA,USA,36.9,-81.35,,4A
745985,USA_VA_Martinsville-Blue.Ridge.AP.745985_TMY3,VA,USA,36.63,-80.02,,4A
724026,USA_VA_Melfa-Accomack.County.AP.724026_TMY3,VA,USA,37.65,-75.77,,4A
723086,USA_VA_Newport.News.723086_TMY3,VA,USA,37.13,-76.5,,3A
723080,USA_VA_Norfolk.Intl.AP.723080_TMY3,VA,USA,36.9,-76.2,,3A
723080,USA_VA_Norfolk.Intl.AP.723080_TMY3,VA,USA,36.9,-76.2,,3A
723080,USA_VA_Norfolk.Intl.AP.723080_TMY3,VA,USA,36.9,-76.2,,3A
723085,USA_VA_Norfolk.NAS.723085_TMY3,VA,USA,36.95,-76.28,,3A
723075,USA_VA_Oceana.NAS.723075_TMY3,VA,USA,36.82,-76.03,,3A
724014,USA_VA_Petersburg.Muni.AP.724014_TMY3,VA,USA,37.18,-77.52,,3C
724116,USA_VA_Pulaski-New.River.Valley.AP.724116_TMY3,VA,USA,37.13,-80.68,,4A
724035,USA_VA_Quantico.MCAS.724035_TMY3,VA,USA,38.5,-77.3,,4A
724010,USA_VA_Richmond.Intl.AP.724010_TMY3,VA,USA,37.52,-77.32,,4A
724010,USA_VA_Richmond.Intl.AP.724010_TMY3,VA,USA,37.52,-77.32,,4A
724010,USA_VA_Richmond.Intl.AP.724010_TMY3,VA,USA,37.52,-77.32,,4A
724110,USA_VA_Roanoke.Rgnl.AP-Woodrum.Field.724110_TMY3,VA,USA,37.32,-79.97,,4A
724110,USA_VA_Roanoke.Rgnl.AP-Woodrum.Field.724110_TMY3,VA,USA,37.32,-79.97,,4A
724110,USA_VA_Roanoke.Rgnl.AP-Woodrum.Field.724110_TMY3,VA,USA,37.32,-79.97,,4A
724105,USA_VA_Staunton-Shenandoah.Valley.Rgnl.AP.724105_TMY3,VA,USA,38.27,-78.9,,4A
724030,USA_VA_Sterling-Washington.Dulles.Intl.AP.724030_TMY,VA,USA,38.95,-77.45,,4A
724030,USA_VA_Sterling-Washington.Dulles.Intl.AP.724030_TMY,VA,USA,38.95,-77.45,,4A
724030,USA_VA_Sterling-Washington.Dulles.Intl.AP.724030_TMY,VA,USA,38.95,-77.45,,4A
724053,USA_VA_Winchester.Rgnl.AP.724053_TMY3,VA,USA,39.15,-78.15,,4A
724117,USA_VA_Wise-Lonesome.Pine.AP.724117_TMY3,VA,USA,36.98,-82.53,,4A
726170,USA_VT_Burlington.Intl.AP.726170_TMY,VT,USA,44.47,-73.15,,6A
726170,USA_VT_Burlington.Intl.AP.726170_TMY,VT,USA,44.47,-73.15,,6A
726170,USA_VT_Burlington.Intl.AP.726170_TMY,VT,USA,44.47,-73.15,,6A
726145,USA_VT_Montpelier.AP.726145_TMY3,VT,USA,44.2,-72.57,,6A
725165,USA_VT_Rutland.State.AP.725165_TMY3,VT,USA,43.52,-72.95,,6A
726115,USA_VT_Springfield-Hartnes.State.AP.726115_TMY3,VT,USA,43.35,-72.52,,5A
727976,USA_WA_Bellingham.Intl.AP.727976_TMY3,WA,USA,48.8,-122.53,,5C
727928,USA_WA_Bremerton.National.AP.727928_TMY3,WA,USA,47.48,-122.75,,4A
727826,USA_WA_Ephrata.Muni.AP.727826_TMY3,WA,USA,47.3,-119.52,,4B
727855,USA_WA_Spokane.727855_TMY2,WA,USA,47.63,-117.53,,5B
742070,USA_WA_Fort.Lewis-Gray.AAF.742070_TMY3,WA,USA,47.08,-122.58,,4A
727840,USA_WA_Hanford.727840_TMY3,WA,USA,46.57,-119.6,,5B
727923,USA_WA_Hoquiam.AP.727923_TMY3,WA,USA,46.98,-123.93,,4A
727924,USA_WA_Kelso.AP.727924_TMY3,WA,USA,46.13,-122.9,,4A
727827,USA_WA_Moses.Lake-Grant.County.AP.727827_TMY3,WA,USA,47.2,-119.32,,4A
727920,USA_WA_Olympia.AP.727920_TMY3,WA,USA,46.97,-122.9,,4A
727920,USA_WA_Olympia.AP.727920_TMY3,WA,USA,46.97,-122.9,,4A
727920,USA_WA_Olympia.AP.727920_TMY3,WA,USA,46.97,-122.9,,4A
727845,USA_WA_Pasco-Tri.Cities.AP.727845_TMY3,WA,USA,46.27,-119.12,,4A
727885,USA_WA_Port.Angeles-William.R.Fairchild.Intl.AP.727885_TMY3,WA,USA,48.12,-123.5,,5C
727857,USA_WA_Pullman-Moscow.Rgnl.AP.727857_TMY3,WA,USA,46.75,-117.12,,5A
727970,USA_WA_Quillayute.State.AP.727970_TMY3,WA,USA,47.93,-124.57,,5C
727970,USA_WA_Quillayute.State.AP.727970_TMY3,WA,USA,47.93,-124.57,,5C
727934,USA_WA_Renton.Muni.AP.727934_TMY3,WA,USA,47.48,-122.22,,4A
727935,USA_WA_Seattle-Boeing.Field.727935_TMY3,WA,USA,47.68,-122.25,,4A
727930,USA_WA_Seattle-Tacoma.Intl.AP.727930_TMY3,WA,USA,47.47,-122.32,,4A
727930,USA_WA_Seattle-Tacoma.Intl.AP.727930_TMY3,WA,USA,47.47,-122.32,,4A
727930,USA_WA_Seattle-Tacoma.Intl.AP.727930_TMY3,WA,USA,47.47,-122.32,,4A
727937,USA_WA_Snohomish.County.AP.727937_TMY3,WA,USA,47.9,-122.28,,4A
727856,USA_WA_Spokane-Felts.Field.727856_TMY3,WA,USA,47.68,-117.32,,5A
727855,USA_WA_Spokane.727855_TMY2,WA,USA,47.63,-117.53,,5B
727850,USA_WA_Spokane.Intl.AP.727850_TMY3,WA,USA,47.49,-117.59,,5B
727850,USA_WA_Spokane.Intl.AP.727850_TMY3,WA,USA,47.49,-117.59,,5B
727815,USA_WA_Stampede.Pass.727815_TMY3,WA,USA,47.28,-121.33,,6A
742060,USA_WA_Tacoma-McChord.AFB.742060_TMY3,WA,USA,47.15,-122.48,,5C
727938,USA_WA_Tacoma.Narrows.AP.727938_TMY3,WA,USA,47.27,-122.58,,4A
726988,USA_WA_The.Dalles.Muni.AP.726988_TMY3,WA,USA,45.62,-121.15,,4A
727926,USA_WA_Toledo-Winlock-Ed.Carlson.Mem.AP.727926_TMY3,WA,USA,46.48,-122.8,,5C
727846,USA_WA_Walla.Walla.City-County.AP.727846_TMY3,WA,USA,46.1,-118.28,,4B
727825,USA_WA_Wenatchee-Pangborn.Mem.AP.727825_TMY3,WA,USA,47.4,-120.2,,5B
690230,USA_WA_Whidbey.Island.NAS.690230_TMY3,WA,USA,48.35,-122.67,,4A
690230,USA_WA_Whidbey.Island.NAS.690230_TMY3,WA,USA,48.35,-122.67,,4A
727810,USA_WA_Yakima.Air.Terminal-McAllister.Field.727810_TMY,WA,USA,46.57,-120.53,,5B
727810,USA_WA_Yakima.Air.Terminal-McAllister.Field.727810_TMY,WA,USA,46.57,-120.53,,5B
727810,USA_WA_Yakima.Air.Terminal-McAllister.Field.727810_TMY,WA,USA,46.57,-120.53,,5B
726457,USA_WI_Appleton-Outagamie.County.AP.726457_TMY3,WI,USA,44.25,-88.52,,5A
726435,USA_WI_Eau.Claire.County.AP.726435_TMY,WI,USA,44.87,-91.48,,6A
726435,USA_WI_Eau.Claire.County.AP.726435_TMY,WI,USA,44.87,-91.48,,6A
726435,USA_WI_Eau.Claire.County.AP.726435_TMY,WI,USA,44.87,-91.48,,6A
726626,USA_WI_Ephraim.AWOS.726626_TMY3,WI,USA,45.15,-87.15,,6A
726450,USA_WI_Green.Bay.726450_TMY2,WI,USA,44.48,-88.13,,6A
726450,USA_WI_Green.Bay.726450_TMY2,WI,USA,44.48,-88.13,,6A
726450,USA_WI_Green.Bay.726450_TMY2,WI,USA,44.48,-88.13,,6A
726415,USA_WI_Janesville-Rock.County.AP.726415_TMY3,WI,USA,42.62,-89.03,,5A
726430,USA_WI_La.Crosse.Muni.AP.726430_TMY3,WI,USA,43.87,-91.25,,6A
726430,USA_WI_La.Crosse.Muni.AP.726430_TMY3,WI,USA,43.87,-91.25,,6A
726430,USA_WI_La.Crosse.Muni.AP.726430_TMY3,WI,USA,43.87,-91.25,,6A
726416,USA_WI_Lone.Rock.AP.726416_TMY3,WI,USA,43.2,-90.18,,5A
726410,USA_WI_Madison.726410_TMY2,WI,USA,43.13,-89.33,,5A
726410,USA_WI_Madison.726410_TMY2,WI,USA,43.13,-89.33,,5A
726410,USA_WI_Madison.726410_TMY2,WI,USA,43.13,-89.33,,5A
726455,USA_WI_Manitowac.Muni.AWOS.726455_TMY3,WI,USA,44.13,-87.68,,5A
726574,USA_WI_Marshfield.Muni.AP.726574_TMY3,WI,USA,44.63,-90.18,,5A
726400,USA_WI_Milwaukee-Mitchell.Intl.AP.726400_TMY3,WI,USA,42.95,-87.9,,5A
726400,USA_WI_Milwaukee-Mitchell.Intl.AP.726400_TMY3,WI,USA,42.95,-87.9,,5A
726400,USA_WI_Milwaukee-Mitchell.Intl.AP.726400_TMY3,WI,USA,42.95,-87.9,,5A
726404,USA_WI_Minocqua-Woodruff-Lee.Field.726404_TMY3,WI,USA,45.93,-89.73,,6A
726465,USA_WI_Mosinee-Central.Wisconsin.AP.726465_TMY3,WI,USA,44.78,-89.67,,6A
726468,USA_WI_Phillips-Price.County.AP.726468_TMY3,WI,USA,45.7,-90.4,,6A
727415,USA_WI_Rhinelander-Oneida.County.AP.727415_TMY3,WI,USA,45.63,-89.47,,6A
726467,USA_WI_Rice.Lake.Muni.AP.726467_TMY3,WI,USA,45.48,-91.72,,6A
726458,USA_WI_Sturgeon.Bay-Door.County.AP.726458_TMY3,WI,USA,44.85,-87.42,,5A
726464,USA_WI_Watertown.Muni.AP.726464_TMY3,WI,USA,43.17,-88.72,,5A
726463,USA_WI_Wausau.Muni.AP.726463_TMY3,WI,USA,44.92,-89.63,,6A
726456,USA_WI_Wittman.Rgnl.AP.726456_TMY3,WI,USA,43.98,-88.55,,6A
724120,USA_WV_Beckley-Raleigh.County.Mem.AP.724120_TMY3,WV,USA,37.8,-81.12,,4A
724125,USA_WV_Bluefield-Mercer.County.AP.724125_TMY3,WV,USA,37.27,-81.24,,4A
724140,USA_WV_Charleston.724140_TMY2,WV,USA,38.37,-81.6,,4A
724140,USA_WV_Charleston.724140_TMY2,WV,USA,38.37,-81.6,,4A
724140,USA_WV_Charleston.724140_TMY2,WV,USA,38.37,-81.6,,4A
724175,USA_WV_Clarksburg-Harrison.Marion.Rgnl.AP.724175_TMY3,WV,USA,39.28,-80.23,,4A
724170,USA_WV_Elkins.724170_TMY2,WV,USA,38.88,-79.85,,5A
724170,USA_WV_Elkins.724170_TMY2,WV,USA,38.88,-79.85,,5A
724250,USA_WV_Huntington.724250_TMY2,WV,USA,38.37,-82.55,,4A
724250,USA_WV_Huntington.724250_TMY2,WV,USA,38.37,-82.55,,4A
724127,USA_WV_Lewisburg-Greenbrier.Valley.AP.724127_TMY3,WV,USA,37.87,-80.4,,5A
724177,USA_WV_Martinsburg-Eastern.WV.Rgnl.AP.724177_TMY3,WV,USA,39.4,-77.98,,4A
724176,USA_WV_Morgantown.Muni-Hart.Field.724176_TMY3,WV,USA,39.65,-79.92,,4A
724273,USA_WV_Parkersburg-Wood.County-Gill.Robb.Wilson.AP.724273_TMY3,WV,USA,39.35,-81.43,,4A
724275,USA_WV_Wheeling-Ohio.County.AP.724275_TMY3,WV,USA,40.18,-80.65,,5A
725690,USA_WY_Casper.725690_TMY2,WY,USA,42.92,-106.47,,6B
725690,USA_WY_Casper.725690_TMY2,WY,USA,42.92,-106.47,,6B
725690,USA_WY_Casper.725690_TMY2,WY,USA,42.92,-106.47,,6B
725640,USA_WY_Cheyenne.725640_TMY2,WY,USA,41.15,-104.82,,5B
725640,USA_WY_Cheyenne.725640_TMY2,WY,USA,41.15,-104.82,,5B
725640,USA_WY_Cheyenne.725640_TMY2,WY,USA,41.15,-104.82,,5B
726700,USA_WY_Cody.Muni.AWOS.726700_TMY3,WY,USA,44.52,-109.02,,5B
725775,USA_WY_Evanston-Uinta.County.AP-Burns.Field.725775_TMY3,WY,USA,41.28,-111.03,,6B
726650,USA_WY_Gillette-Gillette.County.AP.726650_TMY3,WY,USA,44.35,-105.53,,5B
725744,USA_WY_Rock.Springs.725744_TMY2,WY,USA,41.6,-109.07,,6B
725744,USA_WY_Rock.Springs.725744_TMY2,WY,USA,41.6,-109.07,,6B
725776,USA_WY_Jackson.Hole.AP.725776_TMY3,WY,USA,43.6,-110.73,,7
725760,USA_WY_Lander.725760_TMY2,WY,USA,42.82,-108.73,,6B
725760,USA_WY_Lander.725760_TMY2,WY,USA,42.82,-108.73,,6B
725645,USA_WY_Laramie-General.Brees.Field.725645_TMY3,WY,USA,41.32,-105.68,,6B
725745,USA_WY_Rawlins.Muni.AP.725745_TMY3,WY,USA,41.8,-107.2,,6B
725765,USA_WY_Riverton.Rgnl.AP.725765_TMY3,WY,USA,43.05,-108.45,,6B
725744,USA_WY_Rock.Springs.725744_TMY2,WY,USA,41.6,-109.07,,6B
726660,USA_WY_Sheridan.726660_TMY2,WY,USA,44.77,-106.97,,6B
726660,USA_WY_Sheridan.726660_TMY2,WY,USA,44.77,-106.97,,6B
726660,USA_WY_Sheridan.726660_TMY2,WY,USA,44.77,-106.97,,6B
726665,USA_WY_Worland.Muni.AP.726665_TMY3,WY,USA,43.97,-107.95,,6B
785430,VIR_Charlotte.Amalie-Harry.S.Truman.AP.785430_TMY3,,VIR,18.35,-64.97,,1A
875760,ARG_Buenos.Aires.875760_IWEC,,ARG,-34.82,-58.53,,3A
852010,BOL_La.Paz.852010_IWEC,,BOL,-16.52,-68.18,,6B
821930,BRA_Belem-Val.de.Caes.821930_SWERA,,BRA,-1.38,-48.48,,1A
821930,BRA_Belem-Val.de.Caes.821930_SWERA,,BRA,-1.38,-48.48,,1A
835830,BRA_Belo.Horizonte-Pampulha.835830_SWERA,,BRA,-19.85,-43.95,,
820220,BRA_Boa.Vista.820220_SWERA,,BRA,2.83,-60.7,,1A
832880,BRA_Bom.Jesus.da.Lapa.832880_SWERA,,BRA,-13.27,-43.42,,1B
833780,BRA_Brasilia.833780_SWERA,,BRA,-15.87,-47.93,,2A
833780,BRA_Brasilia.833780_SWERA,,BRA,-15.87,-47.93,,2A
836120,BRA_Campo.Grande.836120_SWERA,,BRA,-20.47,-54.67,,1A
833620,BRA_Cuiaba-Marechal.Ron.833620_SWERA,,BRA,-15.65,-56.1,,1B
838400,BRA_Curitiba-Afonso.Pen.838400_SWERA,,BRA,-25.52,-49.17,,3A
838990,BRA_Florianopolis.838990_SWERA,,BRA,-27.67,-48.55,,2A
823980,BRA_Fortaleza-Pinto.Mar.823980_SWERA,,BRA,-3.78,-38.53,,1A
826400,BRA_Jacareacanga.826400_SWERA,,BRA,-6.27,-57.73,,1A
823310,BRA_Manaus.823310_SWERA,,BRA,-3.13,-60.02,,1A
829840,BRA_Petrolina.829840_SWERA,,BRA,-9.35,-40.55,,1B
830630,BRA_Porto.Nacional.830630_SWERA,,BRA,-10.7,-48.4,,1B
828240,BRA_Porto.Velho.828240_SWERA,,BRA,-8.77,-63.92,,1A
828990,BRA_Recife-Guararapes.828990_SWERA,,BRA,-8.07,-34.85,,1A
828990,BRA_Recife-Guararapes.828990_SWERA,,BRA,-8.07,-34.85,,1A
837550,BRA_Rio.de.Janeiro-Santos.Dumont.837550_SWERA,,BRA,-22.9,-43.17,,1A
832290,BRA_Salvador.832290_SWERA,,BRA,-13.02,-38.52,,1A
839360,BRA_Santa.Maria.839360_SWERA,,BRA,-29.7,-53.7,,2A
837800,BRA_Sao.Paulo.837800_IWEC,,BRA,-23.62,-46.65,,2A
837800,BRA_Sao.Paulo.837800_IWEC,,BRA,-23.62,-46.65,,2A
854420,CHL_Antofagasta.854420_IWEC,,CHL,-23.43,-70.43,,3A
856820,CHL_Concepcion.856820_IWEC,,CHL,-36.77,-73.05,,3C
854690,CHL_Easter.Island.854690_IWEC,,CHL,-27.15,-109.42,,2A
859340,CHL_Punta.Arenas.859340_IWEC,,CHL,-53,-70.85,,4C
855740,CHL_Santiago.855740_IWEC,,CHL,-33.38,-70.78,,3C
802220,COL_Bogota.802220_IWEC,,COL,4.7,-74.13,,3C
840710,ECU_Quito.840710_IWEC,,ECU,-0.15,-78.48,,3C
847520,PER_Arequipa.847520_IWEC,,PER,-16.32,-71.55,,3C
846860,PER_Cuzco.846860_IWEC,,PER,-13.55,-71.98,,4A
846280,PER_Lima.846280_IWEC,,PER,-12,-77.12,,2A
862180,PRY_Asuncion.862180_IWEC,,PRY,-25.25,-57.57,,2A
865800,URY_Montevideo.865800_IWEC,,URY,-34.83,-56,,3C
804150,VEN_Caracas.804150_IWEC,,VEN,10.6,-66.98,,1A
949260,AUS_ACT.Canberra.Airport.949260_RMY,,AUS,-35.3,149.2,,4A
949260,AUS_ACT.Canberra.Airport.949260_RMY,,AUS,-35.3,149.2,,4A
957730,AUS_NSW.Armidale.Airport.957730_RMY,,AUS,-30.53,151.62,,3C
959160,AUS_NSW.Cabramurra.959160_RMY,,AUS,-35.93,148.38,,5C
947110,AUS_NSW.Cobar.947110_RMY,,AUS,-31.48,145.83,,3B
947910,AUS_NSW.Coffs.Harbour.947910_RMY,,AUS,-30.32,153.12,,3A
957190,AUS_NSW.Dubbo.Airport.957190_RMY,,AUS,-32.22,148.57,,3C
947670,AUS_NSW.Sydney.947670_IWEC,,AUS,-33.95,151.18,,3A
955270,AUS_NSW.Moree.Aero.955270_RMY,,AUS,-29.48,149.83,,3A
947500,AUS_NSW.Nowra.RAN.Air.Station.947500_RMY,,AUS,-34.95,150.53,,3C
957260,AUS_NSW.Orange.Airport.957260_RMY,,AUS,-33.38,149.13,,4A
957530,AUS_NSW.Richmond.RAAF.957530_RMY,,AUS,-33.6,150.78,,3C
947670,AUS_NSW.Sydney.947670_IWEC,,AUS,-33.95,151.18,,3A
947680,AUS_NSW.Sydney.947680_RMY,,AUS,-33.85,151.2,,3A
959080,AUS_NSW.Thredbo.Village.959080_RMY,,AUS,-36.5,148.3,,5C
949100,AUS_NSW.Wagga.Wagga.949100_RMY,,AUS,-35.17,147.45,,3C
947760,AUS_NSW.Williamtown.RAAF.947760_RMY,,AUS,-32.8,151.83,,3A
943260,AUS_NT.Alice.Springs.Airport.943260_RMY,,AUS,-23.8,133.88,,2B
941200,AUS_NT.Darwin.941200_IWEC,,AUS,-12.4,130.87,,1B
941200,AUS_NT.Darwin.941200_IWEC,,AUS,-12.4,130.87,,1B
942380,AUS_NT.Tennant.Creek.942380_RMY,,AUS,-19.63,134.18,,1B
945680,AUS_QLD.Amberley.945680_RMY,,AUS,-27.63,152.72,,2A
945780,AUS_QLD.Brisbane.945780_IWEC,,AUS,-27.38,153.1,,2A
094578,AUS_QLD.Brisbane.94578_RMY,,AUS,-27.38,153.13,,2A
948270,AUS_QLD.Cairns.Aero.948270_RMY,,AUS,-16.88,145.75,,1A
945100,AUS_QLD.Charleville.Aero.945100_RMY,,AUS,-26.42,146.27,,2B
943810,AUS_QLD.Gladstone.Airport.943810_RMY,,AUS,-23.87,151.22,,2A
943460,AUS_QLD.Longreach.Aero.943460_RMY,,AUS,-23.43,144.28,,1B
943670,AUS_QLD.Mackay.943670_RMY,,AUS,-21.12,149.22,,2A
943320,AUS_QLD.Mount.Isa.Aero.943320_RMY,,AUS,-20.68,139.48,,1B
945520,AUS_QLD.Oakey.Aero.945520_RMY,,AUS,-27.42,151.73,,3A
943740,AUS_QLD.Rockhampton.Aero.943740_RMY,,AUS,-23.38,150.48,,2A
942940,AUS_QLD.Townsville.Aero.942940_RMY,,AUS,-19.25,146.77,,1A
941700,AUS_QLD.Weipa.Aero.941700_RMY,,AUS,-12.68,141.92,,1A
942990,AUS_QLD.Willis.Island.942990_RMY,,AUS,-16.3,149.97,,1A
946750,AUS_SA.Adelaide-Kent.Town.946750_RMY,,AUS,-34.92,138.62,,3A
946720,AUS_SA.Adelaide.946720_IWEC,,AUS,-34.93,138.52,,3C
946530,AUS_SA.Ceduna.946530_RMY,,AUS,-32.13,133.7,,3C
948210,AUS_SA.Mount.Gambier.Aero.948210_RMY,,AUS,-37.73,140.78,,3C
946780,AUS_SA.Mt.Lofty.946780_RMY,,AUS,-34.97,138.7,,4A
944760,AUS_SA.Oodnadatta.Airport.944760_RMY,,AUS,-27.55,135.45,,2B
946590,AUS_SA.Woomera.Aerodrome.946590_RMY,,AUS,-31.15,136.82,,3B
949700,AUS_TAS.Hobart-Ellerslie.Road.949700_RMY,,AUS,-42.88,147.33,,4A
949690,AUS_TAS.Launceston-Ti.Tree.Bend.949690_RMY,,AUS,-41.42,147.12,,4A
949680,AUS_TAS.Launceston.Airport.949680_RMY,,AUS,-41.53,147.2,,4A
959640,AUS_TAS.Low.Head.959640_RMY,,AUS,-41.05,146.78,,3C
948520,AUS_VIC.Ballarat.Aerodrome.948520_RMY,,AUS,-37.52,143.78,,4A
948420,AUS_VIC.Cape.Otway.Lighthouse.948420_RMY,,AUS,-38.85,143.52,,3C
949070,AUS_VIC.East.Sale.Airport.949070_RMY,,AUS,-38.1,147.13,,3C
948660,AUS_VIC.Tullamarine-Melbourne.Airport.948660_RMY,,AUS,-37.67,144.85,,3C
948680,AUS_VIC.Melbourne.948680_RMY,,AUS,-37.82,144.97,,3C
946930,AUS_VIC.Mildura.Airport.946930_RMY,,AUS,-34.23,142.08,,3B
948700,AUS_VIC.Moorabbin.Airport.948700_RMY,,AUS,-37.98,145.1,,3C
948660,AUS_VIC.Tullamarine-Melbourne.Airport.948660_RMY,,AUS,-37.67,144.85,,3C
948370,AUS_VIC.Warrnambool.Airport.948370_RMY,,AUS,-38.28,142.45,,3C
948020,AUS_WA.Albany.Airport.948020_RMY,,AUS,-34.93,117.8,,3C
942030,AUS_WA.Broome.Airport.942030_RMY,,AUS,-17.95,122.23,,1B
943000,AUS_WA.Carnarvon.Airport.943000_RMY,,AUS,-24.88,113.67,,2A
946380,AUS_WA.Esperance.946380_RMY,,AUS,-33.83,121.88,,3C
956460,AUS_WA.Forrest.956460_RMY,,AUS,-30.83,128.12,,3B
944030,AUS_WA.Geraldton.Airport.944030_RMY,,AUS,-28.8,114.7,,3A
094461,AUS_WA.Giles.94461_RMY,,AUS,-25.03,128.3,,2B
942120,AUS_WA.Halls.Creek.Airport.942120_RMY,,AUS,-18.23,127.67,,1B
956100,AUS_WA.Kalamunda-Bickley.956100_RMY,,AUS,-32.02,116.13,,3C
946370,AUS_WA.Kalgoorlie-Boulder.Airport.946370_RMY,,AUS,-30.78,121.45,,3B
946410,AUS_WA.Katanning.946410_RMY,,AUS,-33.68,117.6,,3C
943020,AUS_WA.Learmonth.Airport.943020_RMY,,AUS,-22.23,114.08,,1B
943020,AUS_WA.Learmonth.Airport.943020_RMY,,AUS,-22.23,114.08,,1B
946050,AUS_WA.Mandurah.946050_RMY,,AUS,-32.52,115.72,,3A
946170,AUS_WA.Manjimup.946170_RMY,,AUS,-34.25,116.15,,3C
944300,AUS_WA.Meekatharra.Airport.944300_RMY,,AUS,-26.62,118.55,,2B
943170,AUS_WA.Newman.Airport.943170_RMY,,AUS,-23.42,119.8,,1B
946100,AUS_WA.Perth.Airport.946100_RMY,,AUS,-31.93,115.97,,3A
946100,AUS_WA.Perth.Airport.946100_RMY,,AUS,-31.93,115.97,,3A
943120,AUS_WA.Port.Hedland.943120_IWEC,,AUS,-20.23,119.1,,1B
943120,AUS_WA.Port.Hedland.943120_IWEC,,AUS,-20.23,119.1,,1B
946140,AUS_WA.Swanbourne.946140_RMY,,AUS,-31.95,115.77,,3A
942140,AUS_WA.Wyndham.942140_RMY,,AUS,-15.48,128.12,,1B
963150,BRN_Bandar.Seri.Begawan.963150_IWEC,,BRN,4.93,114.93,,1A
916800,FJI_Nadi.916800_IWEC,,FJI,-17.75,177.45,,1A
912180,GUM_Anderson.AFB.912180_TMY2,,GUM,13.55,144.83,,1A
912180,GUM_Anderson.AFB.912180_TMY2,,GUM,13.55,144.83,,1A
912120,GUM_Tamuning-Won.Pat.Intl.AP.912120_TMY3,,GUM,13.48,144.8,,1A
913660,MHL_Kwajalein.Atoll.913660_TMY,,MHL,8.73,167.73,,1A
486010,MYS_George.Town.486010_IWEC,,MYS,5.3,100.27,,1A
486150,MYS_Kota.Baharu.486150_IWEC,,MYS,6.17,102.28,,1A
486470,MYS_Kuala.Lumpur.486470_IWEC,,MYS,3.12,101.55,,1A
964130,MYS_Kuching.964130_IWEC,,MYS,1.48,110.33,,1A
931190,NZL_Auckland.Auckland.931190_IWEC,,NZL,-37.02,174.8,,3C
931190,NZL_Auckland.Auckland.931190_IWEC,,NZL,-37.02,174.8,,3C
931850,NZL_Bay.of.Plenty-Tauranga.BP.931850_NIWA,,NZL,-37.67,176.2,,3C
937800,NZL_Canterbury.Christchurch.937800_IWEC,,NZL,-43.48,172.55,,4A
937800,NZL_Canterbury.Christchurch.937800_IWEC,,NZL,-43.48,172.55,,4A
938510,NZL_Central.Otago-Lauder.OC.938510_NIWA,,NZL,-45.04,169.69,,5C
933730,NZL_East.Coast-Napier.EC.933730_NIWA,,NZL,-39.46,176.86,,3C
934200,NZL_Manawatu-Paraparaumu.MW.934200_NIWA,,NZL,-40.91,174.98,,3C
935460,NZL_Nelson.Marlborough-Nelson.NM.935460_NIWA,,NZL,-41.3,173.22,,3C
930120,NZL_Northland-Kaitaia.NL.930120_NIWA,,NZL,-35.13,173.26,,3C
938910,NZL_Otago-Dunedin.DN.938910_NIWA,,NZL,-45.9,170.51,,4A
938310,NZL_Queenstown.Lakes-Queenstown.QL.938310_NIWA,,NZL,-45.02,168.74,,5C
932470,NZL_Rotorua-Rotorua.RR.932470_NIWA,,NZL,-38.11,176.32,,4A
938450,NZL_Southland-Invercargill.IN.938450_NIWA,,NZL,-46.42,168.33,,4A
933090,NZL_Taranaki-New.Plymouth.NP.933090_NIWA,,NZL,-39.01,174.18,,3C
932450,NZL_Taupo.King.Country-Turangi.TP.932450_NIWA,,NZL,-38.99,175.81,,4A
931730,NZL_Waikato-Hamilton.HN.931730_NIWA,,NZL,-37.78,175.31,,3C
934710,NZL_Wairarapa-Masterton.WI.934710_NIWA,,NZL,-41.02,175.62,,4A
934360,NZL_Wellington.Wellington.934360_IWEC,,NZL,-41.3,174.78,,3C
934360,NZL_Wellington.Wellington.934360_IWEC,,NZL,-41.3,174.78,,3C
936150,NZL_West.Coast-Hokitika.WC.936150_NIWA,,NZL,-42.72,170.98,,4A
984290,PHL_Manila.984290_IWEC,,PHL,14.52,121,,1A
914080,PLW_Koror.Island.914080_TMY,,PLW,7.33,134.48,,1A
486980,SGP_Singapore.486980_IWEC,,SGP,1.37,103.98,,1A
912450,UMI_Wake.Island.912450_TMY,,UMI,19.28,166.65,,1A
